Workbook

Sheet PROCESS DEFINITION
B2: PCB Tracker — backend data model
B3: Seven stages, four columns each: Owner, Status, EDC, EDA. The dashboard reads and writes these sheets directly.
B5: Stage | C5: Stage name | D5: What happens | E5: Completed when | F5: Owner column holds
B6: S1 | C6: Schematic Design | D6: Requirement capture, part selection, power budget, circuit capture and review. | E6: Schematic released and netlist handed to layout. | F6: A design engineer
B7: S2 | C7: PCB Layout / Design | D7: Stack-up, placement, routing, DFM checks and Gerber release. | E7: DRC/DFM clean and Gerber released. | F7: A layout engineer
B8: S3 | C8: SI & PI Simulation | D8: S-parameter extraction, DC drop, crosstalk, impedance and thermal analysis. | E8: All in-scope interfaces within margin and report shared. | F8: A simulation engineer
B9: S4 | C9: Bare-PCB Fabrication | D9: Bare board ordered and tracked to receipt. | E9: Boards received and inspected. | F9: The fabricator, not a staff member
B10: S5 | C10: Assembly | D10: Component assembly and soldering. | E10: Board populated and inspected. | F10: A hardware engineer
B11: S6 | C11: Bring-up | D11: First power-on, functional validation and debug. | E11: Board validated and handed over. | F11: A hardware engineer
B12: S7 | C12: BOM Procurement | D12: Costing, sourcing and chasing long-lead parts. | E12: Parts sourced or alternates agreed. | F12: A design engineer
B14: Column contract the dashboard depends on
B15: - The field header row must contain a cell reading "Project / Board", with the stage group headers in the row directly above it.
B16: - Each stage group header must keep its name — SCHEMATIC, PCB LAYOUT, SI & PI, BARE-PCB FAB, ASSEMBLY, BRING-UP, BOM PROCUREMENT. The S<n> prefix is ignored, so stages can be renumbered or moved.
B17: - Within a stage block the order is Owner, Status, EDC, EDA. The dashboard detects EDA by its header, so a block without it still works.
B18: - Current Stage, Overall Status, EDC (current stage), Delay, Stages Done, Stages In Scope and % Through Process are formulas. Do not type over them.
B19: - Overall Status alone decides which sheet a board belongs on. The dashboard reads it back after every save and moves the row.
B20: - Owner values must match the "Name in sheet" column on PEOPLE, or the People tab cannot attribute the work. Two people are combined with " + ".
B22: Live roll-up
B23: Stage | C23: Completed | D23: In Progress | E23: On Hold | F23: Not Started | G23: Cancelled | H23: NA
B24: S1 Schematic | C24: =COUNTIF(COMPLETED!$M$6:$M$47,"Completed")+COUNTIF(ACTIVE!$M$17:$M$41,"Completed") -> 53 | D24: =COUNTIF(COMPLETED!$M$6:$M$47,"In Progress")+COUNTIF(ACTIVE!$M$17:$M$41,"In Progress") -> 1 | E24: =COUNTIF(COMPLETED!$M$6:$M$47,"On Hold")+COUNTIF(ACTIVE!$M$17:$M$41,"On Hold") -> 2 | F24: =COUNTIF(COMPLETED!$M$6:$M$47,"Not Started")+COUNTIF(ACTIVE!$M$17:$M$41,"Not Started") -> 4 | G24: =COUNTIF(COMPLETED!$M$6:$M$47,"Cancelled")+COUNTIF(ACTIVE!$M$17:$M$41,"Cancelled") -> 1 | H24: =COUNTIF(COMPLETED!$M$6:$M$47,"NA")+COUNTIF(ACTIVE!$M$17:$M$41,"NA") -> 6
B25: S2 PCB Layout | C25: =COUNTIF(COMPLETED!$Q$6:$Q$47,"Completed")+COUNTIF(ACTIVE!$Q$17:$Q$41,"Completed") -> 47 | D25: =COUNTIF(COMPLETED!$Q$6:$Q$47,"In Progress")+COUNTIF(ACTIVE!$Q$17:$Q$41,"In Progress") -> 5 | E25: =COUNTIF(COMPLETED!$Q$6:$Q$47,"On Hold")+COUNTIF(ACTIVE!$Q$17:$Q$41,"On Hold") -> 3 | F25: =COUNTIF(COMPLETED!$Q$6:$Q$47,"Not Started")+COUNTIF(ACTIVE!$Q$17:$Q$41,"Not Started") -> 6 | G25: =COUNTIF(COMPLETED!$Q$6:$Q$47,"Cancelled")+COUNTIF(ACTIVE!$Q$17:$Q$41,"Cancelled") -> 1 | H25: =COUNTIF(COMPLETED!$Q$6:$Q$47,"NA")+COUNTIF(ACTIVE!$Q$17:$Q$41,"NA") -> 5
B26: S3 SI & PI | C26: =COUNTIF(COMPLETED!$U$6:$U$47,"Completed")+COUNTIF(ACTIVE!$U$17:$U$41,"Completed") -> 31 | D26: =COUNTIF(COMPLETED!$U$6:$U$47,"In Progress")+COUNTIF(ACTIVE!$U$17:$U$41,"In Progress") -> 6 | E26: =COUNTIF(COMPLETED!$U$6:$U$47,"On Hold")+COUNTIF(ACTIVE!$U$17:$U$41,"On Hold") -> 4 | F26: =COUNTIF(COMPLETED!$U$6:$U$47,"Not Started")+COUNTIF(ACTIVE!$U$17:$U$41,"Not Started") -> 9 | G26: =COUNTIF(COMPLETED!$U$6:$U$47,"Cancelled")+COUNTIF(ACTIVE!$U$17:$U$41,"Cancelled") -> 1 | H26: =COUNTIF(COMPLETED!$U$6:$U$47,"NA")+COUNTIF(ACTIVE!$U$17:$U$41,"NA") -> 16
B27: S4 Bare-PCB Fab | C27: =COUNTIF(COMPLETED!$Y$6:$Y$47,"Completed")+COUNTIF(ACTIVE!$Y$17:$Y$41,"Completed") -> 36 | D27: =COUNTIF(COMPLETED!$Y$6:$Y$47,"In Progress")+COUNTIF(ACTIVE!$Y$17:$Y$41,"In Progress") -> 0 | E27: =COUNTIF(COMPLETED!$Y$6:$Y$47,"On Hold")+COUNTIF(ACTIVE!$Y$17:$Y$41,"On Hold") -> 5 | F27: =COUNTIF(COMPLETED!$Y$6:$Y$47,"Not Started")+COUNTIF(ACTIVE!$Y$17:$Y$41,"Not Started") -> 14 | G27: =COUNTIF(COMPLETED!$Y$6:$Y$47,"Cancelled")+COUNTIF(ACTIVE!$Y$17:$Y$41,"Cancelled") -> 1 | H27: =COUNTIF(COMPLETED!$Y$6:$Y$47,"NA")+COUNTIF(ACTIVE!$Y$17:$Y$41,"NA") -> 11
B28: S5 Assembly | C28: =COUNTIF(COMPLETED!$AC$6:$AC$47,"Completed")+COUNTIF(ACTIVE!$AC$17:$AC$41,"Completed") -> 32 | D28: =COUNTIF(COMPLETED!$AC$6:$AC$47,"In Progress")+COUNTIF(ACTIVE!$AC$17:$AC$41,"In Progress") -> 3 | E28: =COUNTIF(COMPLETED!$AC$6:$AC$47,"On Hold")+COUNTIF(ACTIVE!$AC$17:$AC$41,"On Hold") -> 3 | F28: =COUNTIF(COMPLETED!$AC$6:$AC$47,"Not Started")+COUNTIF(ACTIVE!$AC$17:$AC$41,"Not Started") -> 14 | G28: =COUNTIF(COMPLETED!$AC$6:$AC$47,"Cancelled")+COUNTIF(ACTIVE!$AC$17:$AC$41,"Cancelled") -> 1 | H28: =COUNTIF(COMPLETED!$AC$6:$AC$47,"NA")+COUNTIF(ACTIVE!$AC$17:$AC$41,"NA") -> 14
B29: S6 Bring-up | C29: =COUNTIF(COMPLETED!$AG$6:$AG$47,"Completed")+COUNTIF(ACTIVE!$AG$17:$AG$41,"Completed") -> 1 | D29: =COUNTIF(COMPLETED!$AG$6:$AG$47,"In Progress")+COUNTIF(ACTIVE!$AG$17:$AG$41,"In Progress") -> 1 | E29: =COUNTIF(COMPLETED!$AG$6:$AG$47,"On Hold")+COUNTIF(ACTIVE!$AG$17:$AG$41,"On Hold") -> 0 | F29: =COUNTIF(COMPLETED!$AG$6:$AG$47,"Not Started")+COUNTIF(ACTIVE!$AG$17:$AG$41,"Not Started") -> 0 | G29: =COUNTIF(COMPLETED!$AG$6:$AG$47,"Cancelled")+COUNTIF(ACTIVE!$AG$17:$AG$41,"Cancelled") -> 0 | H29: =COUNTIF(COMPLETED!$AG$6:$AG$47,"NA")+COUNTIF(ACTIVE!$AG$17:$AG$41,"NA") -> 65
B30: S7 BOM Procurement | C30: =COUNTIF(COMPLETED!$AK$6:$AK$47,"Completed")+COUNTIF(ACTIVE!$AK$17:$AK$41,"Completed") -> 1 | D30: =COUNTIF(COMPLETED!$AK$6:$AK$47,"In Progress")+COUNTIF(ACTIVE!$AK$17:$AK$41,"In Progress") -> 1 | E30: =COUNTIF(COMPLETED!$AK$6:$AK$47,"On Hold")+COUNTIF(ACTIVE!$AK$17:$AK$41,"On Hold") -> 0 | F30: =COUNTIF(COMPLETED!$AK$6:$AK$47,"Not Started")+COUNTIF(ACTIVE!$AK$17:$AK$41,"Not Started") -> 0 | G30: =COUNTIF(COMPLETED!$AK$6:$AK$47,"Cancelled")+COUNTIF(ACTIVE!$AK$17:$AK$41,"Cancelled") -> 0 | H30: =COUNTIF(COMPLETED!$AK$6:$AK$47,"NA")+COUNTIF(ACTIVE!$AK$17:$AK$41,"NA") -> 65

Sheet LISTS
A1: Status | B1: Re-entry Stage | C1: Respin Reason | D1: Yes/No | E1: Customer | F1: Hold / delay reason | G1: Owner
A2: Completed | B2: S1 Schematic | C2: Design defect found at bring-up | D2: Yes | E2: Aerx Labs | F2: Waiting on customer feedback | G2: Srinivas
A3: In Progress | B3: S2 PCB Layout | C3: Component obsolete / not sourceable | D3: No | E3: FLC | F3: Waiting on component / long-lead part | G3: Sunil
A4: On Hold | B4: S3 SI & PI | C4: Customer change request | E4: GMR | F4: De-prioritised for another board | G4: Samudra
A5: Not Started | B5: S4 Bare-PCB Fab | C5: SI / PI failure | E5: HAL | F5: Rework after SI/PI review | G5: Anji
A6: NA | B6: S5 Assembly | C6: Fabrication defect | E6: Internal | F6: Waiting on updated schematic | G6: Vivek
A7: Cancelled | B7: S6 Bring-up | C7: Assembly or footprint error | E7: Not set | F7: Fab or assembly queue | G7: Veeresh
B8: S7 BOM Procurement | C8: Performance not met | E8: Qernel.AI | F8: Owner not available | G8: Ramesh
C9: Other - see comment | E9: RCI | F9: Scope or SoW not agreed | G9: Vardhan
E10: TRS | F10: Other - see comment | G10: Keerthi
E11: Voila Tech | G11: Harika
E12: ZMD | G12: Sandhya
G13: Naveen
G14: Rajesh Sir
G15: PCB Power
G16: JLC
G17: Micropack

Sheet PEOPLE
B2: Hardware team
B3: The dashboard joins stage owners to people through the "Name in sheet" column. A stage owner cell may combine two people with a "+", and each part is matched here.
B5: Employee code | C5: Name | D5: Function | E5: Experience (yrs) | F5: Billing | G5: Projects | H5: Plan | I5: Billed in | J5: Name in sheet
C6: Srinivasa Rao Supuri | D6: Hardware | E6: 14 | F6: Billed | G6: FLC | H6: Belly Camera | I6: Belly Cam | J6: Srinivas
B7: VC_124 | C7: Galipothu Sunil Kumar | D7: Hardware | E7: 18 | F7: Billed | G7: FLC + TRS + Smart IP Camera | H7: Smart IP Camera, PVC Card | J7: Sunil
B8: VC_176 | C8: Jampani Samudralankaiah | D8: Hardware | E8: 6.4 | F8: Billed | G8: FLC + Smart IP Camera + AI Edge Server + RCI ITS | H8: Belly Camera, ZMD Edge | I8: Belly Cam, FLC | J8: Samudra
B9: VC_183 | C9: Varimadla Anjaneyulu | D9: Hardware | E9: 8.1 | F9: Billed | G9: FLC + TRS + Internal / Web + RCI ITS | H9: Support to all Projects | J9: Anji
B10: VC_224 | C10: Chintha Vivek Sai | D10: Hardware | E10: 0.1 | F10: Billed | G10: FLC + TRS + Smart IP Camera | H10: need to discuss in August | I10: Belly Cam | J10: Vivek
B11: VC_161 | C11: Veeresh Meeniga | D11: Hardware | E11: 2.7 | F11: Billed | G11: FLC + RCI ITS + RFSOC | H11: need to discuss in Nov | I11: RCI | J11: Veeresh
B12: VC_141 | C12: Ravada Ramesh | D12: Hardware | E12: 4.2 | F12: Billed | G12: TRS | H12: need to discuss in August | J12: Ramesh
B13: VC_163 | C13: Ruka Nandi Vardhan Reddy | D13: Hardware | E13: 2.7 | F13: Billed | G13: TRS + Voila Tech + AI Edge Server | H13: need to discuss in August | J13: Vardhan
B14: VC_196 | C14: Keerthi Sepana | D14: Hardware | E14: 1.3 | F14: Billed | G14: TRS + Voila Tech | H14: need to discuss in August | J14: Keerthi
B15: VC_200 | C15: Harika Kunduru | D15: Hardware | E15: 4 | F15: Billed | G15: Smart IP Camera | H15: Smart IP Camera | J15: Harika
B16: VC_229 | C16: Bommi Sandhya | D16: Hardware | J16: Sandhya
C17: Naveen | D17: Hardware | J17: Naveen
C18: Rajesh | D18: Hardware | J18: Rajesh Sir
B20: Fabrication vendors
B21: PCB Power | C21: vendor, not counted as workload
B22: JLC | C22: vendor, not counted as workload
B23: Micropack | C23: vendor, not counted as workload

Sheet COMPLETED
A1: COMPLETED BOARDS
A2: Every stage is Completed or NA. Set Respin Needed? = Yes and pick a Re-entry Stage to send a board back; the dashboard moves the row for you.
A4: PROJECT | E4: PROCESS ROLL-UP | L4: S1 SCHEMATIC | P4: S2 PCB LAYOUT | T4: S3 SI & PI | X4: S4 BARE-PCB FAB | AB4: S5 ASSEMBLY | AF4: S6 BRING-UP | AJ4: S7 BOM PROCUREMENT | AN4: RESPIN CONTROL (set these to send a board back to ACTIVE) | AT4: FOLLOW-UP
A5: S.No | B5: Customer | C5: Project / Board | D5: Project Manager | E5: Current Stage | F5: Overall Status | G5: EDC (current stage) | H5: Delay (days) | I5: Stages Done | J5: Stages In Scope | K5: % Through Process | L5: Owner | M5: Status | N5: EDC | O5: EDA | P5: Owner | Q5: Status | R5: EDC | S5: EDA | T5: Owner | U5: Status | V5: EDC | W5: EDA | X5: Fabricator | Y5: Status | Z5: EDC | AA5: EDA | AB5: Owner | AC5: Status | AD5: EDC | AE5: EDA | AF5: Owner | AG5: Status | AH5: EDC | AI5: EDA | AJ5: Owner | AK5: Status | AL5: EDC | AM5: EDA | AN5: Respin Needed? | AO5: Re-entry Stage | AP5: Respin Reason | AQ5: Raised On | AR5: ACTION | AS5: # | AT5: Hold / delay reason | AU5: Reason check | AV5: Latest Comment | AW5: Notes / Data Check
A6: 1 | B6: Aerx Labs | C6: DRVU_Mother_Board | D6: Rajesh | E6: =IF(NOT(OR(M6="Completed",M6="NA",M6="Cancelled")),"S1 Schematic",IF(NOT(OR(Q6="Completed",Q6="NA",Q6="Cancelled")),"S2 PCB Layout",IF(NOT(OR(U6="Completed",U6="NA",U6="Cancelled")),"S3 SI & PI",IF(NOT(OR(Y6="Completed",Y6="NA",Y6="Cancelled")),"S4 Bare-PCB Fab",IF(NOT(OR(AC6="Completed",AC6="NA",AC6="Cancelled")),"S5 Assembly",IF(NOT(OR(AG6="Completed",AG6="NA",AG6="Cancelled")),"S6 Bring-up",IF(NOT(OR(AK6="Completed",AK6="NA",AK6="Cancelled")),"S7 BOM Procurement","All Stages Closed"))))))) -> All Stages Closed | F6: =IF(COUNTIF(M6,"Cancelled")+COUNTIF(Q6,"Cancelled")+COUNTIF(U6,"Cancelled")+COUNTIF(Y6,"Cancelled")+COUNTIF(AC6,"Cancelled")+COUNTIF(AG6,"Cancelled")+COUNTIF(AK6,"Cancelled")>0,"Cancelled",IF(E6="All Stages Closed","Completed",IF(E6="S1 Schematic",M6,IF(E6="S2 PCB Layout",Q6,IF(E6="S3 SI & PI",U6,IF(E6="S4 Bare-PCB Fab",Y6,IF(E6="S5 Assembly",AC6,IF(E6="S6 Bring-up",AG6,AK6)))))))) -> Completed | G6: =IF(E6="All Stages Closed","",IF(E6="S1 Schematic",IF(N6="","Not added",N6),IF(E6="S2 PCB Layout",IF(R6="","Not added",R6),IF(E6="S3 SI & PI",IF(V6="","Not added",V6),IF(E6="S4 Bare-PCB Fab",IF(Z6="","Not added",Z6),IF(E6="S5 Assembly",IF(AD6="","Not added",AD6),IF(E6="S6 Bring-up",IF(AH6="","Not added",AH6),IF(AL6="","Not added",AL6)))))))) | H6: =IF(OR(F6="Completed",F6="Cancelled"),"",IF(NOT(ISNUMBER(G6)),"Date not added",IF(TODAY()>G6,TODAY()-G6,G6-TODAY()&" days left"))) | I6: =COUNTIF(M6,"Completed")+COUNTIF(Q6,"Completed")+COUNTIF(U6,"Completed")+COUNTIF(Y6,"Completed")+COUNTIF(AC6,"Completed")+COUNTIF(AG6,"Completed")+COUNTIF(AK6,"Completed") -> 1 | J6: =7-(COUNTIF(M6,"NA")+COUNTIF(Q6,"NA")+COUNTIF(U6,"NA")+COUNTIF(Y6,"NA")+COUNTIF(AC6,"NA")+COUNTIF(AG6,"NA")+COUNTIF(AK6,"NA")) -> 1 | K6: =IFERROR(I6/J6,"") -> 1 | M6: NA | Q6: NA | T6: Vivek | U6: Completed | V6: 46209 | Y6: NA | AC6: NA | AG6: NA | AK6: NA | AN6: No | AR6: =IF(AN6<>"Yes","",IF(AO6="","SELECT RE-ENTRY STAGE","MOVE TO ACTIVE at "&AO6)) | AS6: =IF(AN6="Yes",COUNTIF($AN$6:AN6,"Yes"),"") | AU6: =IF(OR(F6="Completed",F6="Cancelled"),"",IF(AND(OR(F6="On Hold",ISNUMBER(H6)),AT6=""),"Reason not given","")) | AV6: SI&PI analysis completed shared with the customer
A7: 2 | B7: Aerx Labs | C7: PVCC_Board | D7: Rajessh | E7: =IF(NOT(OR(M7="Completed",M7="NA",M7="Cancelled")),"S1 Schematic",IF(NOT(OR(Q7="Completed",Q7="NA",Q7="Cancelled")),"S2 PCB Layout",IF(NOT(OR(U7="Completed",U7="NA",U7="Cancelled")),"S3 SI & PI",IF(NOT(OR(Y7="Completed",Y7="NA",Y7="Cancelled")),"S4 Bare-PCB Fab",IF(NOT(OR(AC7="Completed",AC7="NA",AC7="Cancelled")),"S5 Assembly",IF(NOT(OR(AG7="Completed",AG7="NA",AG7="Cancelled")),"S6 Bring-up",IF(NOT(OR(AK7="Completed",AK7="NA",AK7="Cancelled")),"S7 BOM Procurement","All Stages Closed"))))))) -> All Stages Closed | F7: =IF(COUNTIF(M7,"Cancelled")+COUNTIF(Q7,"Cancelled")+COUNTIF(U7,"Cancelled")+COUNTIF(Y7,"Cancelled")+COUNTIF(AC7,"Cancelled")+COUNTIF(AG7,"Cancelled")+COUNTIF(AK7,"Cancelled")>0,"Cancelled",IF(E7="All Stages Closed","Completed",IF(E7="S1 Schematic",M7,IF(E7="S2 PCB Layout",Q7,IF(E7="S3 SI & PI",U7,IF(E7="S4 Bare-PCB Fab",Y7,IF(E7="S5 Assembly",AC7,IF(E7="S6 Bring-up",AG7,AK7)))))))) -> Completed | G7: =IF(E7="All Stages Closed","",IF(E7="S1 Schematic",IF(N7="","Not added",N7),IF(E7="S2 PCB Layout",IF(R7="","Not added",R7),IF(E7="S3 SI & PI",IF(V7="","Not added",V7),IF(E7="S4 Bare-PCB Fab",IF(Z7="","Not added",Z7),IF(E7="S5 Assembly",IF(AD7="","Not added",AD7),IF(E7="S6 Bring-up",IF(AH7="","Not added",AH7),IF(AL7="","Not added",AL7)))))))) | H7: =IF(OR(F7="Completed",F7="Cancelled"),"",IF(NOT(ISNUMBER(G7)),"Date not added",IF(TODAY()>G7,TODAY()-G7,G7-TODAY()&" days left"))) | I7: =COUNTIF(M7,"Completed")+COUNTIF(Q7,"Completed")+COUNTIF(U7,"Completed")+COUNTIF(Y7,"Completed")+COUNTIF(AC7,"Completed")+COUNTIF(AG7,"Completed")+COUNTIF(AK7,"Completed") -> 1 | J7: =7-(COUNTIF(M7,"NA")+COUNTIF(Q7,"NA")+COUNTIF(U7,"NA")+COUNTIF(Y7,"NA")+COUNTIF(AC7,"NA")+COUNTIF(AG7,"NA")+COUNTIF(AK7,"NA")) -> 1 | K7: =IFERROR(I7/J7,"") -> 1 | M7: NA | Q7: NA | T7: Vivek | U7: Completed | V7: 46213 | Y7: NA | AC7: NA | AG7: NA | AK7: NA | AN7: No | AR7: =IF(AN7<>"Yes","",IF(AO7="","SELECT RE-ENTRY STAGE","MOVE TO ACTIVE at "&AO7)) | AS7: =IF(AN7="Yes",COUNTIF($AN$6:AN7,"Yes"),"") | AU7: =IF(OR(F7="Completed",F7="Cancelled"),"",IF(AND(OR(F7="On Hold",ISNUMBER(H7)),AT7=""),"Reason not given","")) | AV7: Completed the SI & PI analysis and shared the report witht the customer
A8: 3 | B8: FLC | C8: Hardware Validation(FLC) | D8: Rajesh | E8: =IF(NOT(OR(M8="Completed",M8="NA",M8="Cancelled")),"S1 Schematic",IF(NOT(OR(Q8="Completed",Q8="NA",Q8="Cancelled")),"S2 PCB Layout",IF(NOT(OR(U8="Completed",U8="NA",U8="Cancelled")),"S3 SI & PI",IF(NOT(OR(Y8="Completed",Y8="NA",Y8="Cancelled")),"S4 Bare-PCB Fab",IF(NOT(OR(AC8="Completed",AC8="NA",AC8="Cancelled")),"S5 Assembly",IF(NOT(OR(AG8="Completed",AG8="NA",AG8="Cancelled")),"S6 Bring-up",IF(NOT(OR(AK8="Completed",AK8="NA",AK8="Cancelled")),"S7 BOM Procurement","All Stages Closed"))))))) -> All Stages Closed | F8: =IF(COUNTIF(M8,"Cancelled")+COUNTIF(Q8,"Cancelled")+COUNTIF(U8,"Cancelled")+COUNTIF(Y8,"Cancelled")+COUNTIF(AC8,"Cancelled")+COUNTIF(AG8,"Cancelled")+COUNTIF(AK8,"Cancelled")>0,"Cancelled",IF(E8="All Stages Closed","Completed",IF(E8="S1 Schematic",M8,IF(E8="S2 PCB Layout",Q8,IF(E8="S3 SI & PI",U8,IF(E8="S4 Bare-PCB Fab",Y8,IF(E8="S5 Assembly",AC8,IF(E8="S6 Bring-up",AG8,AK8)))))))) -> Completed | G8: =IF(E8="All Stages Closed","",IF(E8="S1 Schematic",IF(N8="","Not added",N8),IF(E8="S2 PCB Layout",IF(R8="","Not added",R8),IF(E8="S3 SI & PI",IF(V8="","Not added",V8),IF(E8="S4 Bare-PCB Fab",IF(Z8="","Not added",Z8),IF(E8="S5 Assembly",IF(AD8="","Not added",AD8),IF(E8="S6 Bring-up",IF(AH8="","Not added",AH8),IF(AL8="","Not added",AL8)))))))) | H8: =IF(OR(F8="Completed",F8="Cancelled"),"",IF(NOT(ISNUMBER(G8)),"Date not added",IF(TODAY()>G8,TODAY()-G8,G8-TODAY()&" days left"))) | I8: =COUNTIF(M8,"Completed")+COUNTIF(Q8,"Completed")+COUNTIF(U8,"Completed")+COUNTIF(Y8,"Completed")+COUNTIF(AC8,"Completed")+COUNTIF(AG8,"Completed")+COUNTIF(AK8,"Completed") -> 5 | J8: =7-(COUNTIF(M8,"NA")+COUNTIF(Q8,"NA")+COUNTIF(U8,"NA")+COUNTIF(Y8,"NA")+COUNTIF(AC8,"NA")+COUNTIF(AG8,"NA")+COUNTIF(AK8,"NA")) -> 5 | K8: =IFERROR(I8/J8,"") -> 1 | L8: Veeresh + Samudra | M8: Completed | P8: Veeresh + Samudra | Q8: Completed | T8: Vivek | U8: Completed | X8: Sunil | Y8: Completed | AB8: Anji | AC8: Completed | AG8: NA | AK8: NA | AN8: No | AR8: =IF(AN8<>"Yes","",IF(AO8="","SELECT RE-ENTRY STAGE","MOVE TO ACTIVE at "&AO8)) | AS8: =IF(AN8="Yes",COUNTIF($AN$6:AN8,"Yes"),"") | AU8: =IF(OR(F8="Completed",F8="Cancelled"),"",IF(AND(OR(F8="On Hold",ISNUMBER(H8)),AT8=""),"Reason not given",""))
A9: 4 | B9: FLC | C9: MKB_LITE_VALIDATION_V1 | D9: Rajesh | E9: =IF(NOT(OR(M9="Completed",M9="NA",M9="Cancelled")),"S1 Schematic",IF(NOT(OR(Q9="Completed",Q9="NA",Q9="Cancelled")),"S2 PCB Layout",IF(NOT(OR(U9="Completed",U9="NA",U9="Cancelled")),"S3 SI & PI",IF(NOT(OR(Y9="Completed",Y9="NA",Y9="Cancelled")),"S4 Bare-PCB Fab",IF(NOT(OR(AC9="Completed",AC9="NA",AC9="Cancelled")),"S5 Assembly",IF(NOT(OR(AG9="Completed",AG9="NA",AG9="Cancelled")),"S6 Bring-up",IF(NOT(OR(AK9="Completed",AK9="NA",AK9="Cancelled")),"S7 BOM Procurement","All Stages Closed"))))))) -> All Stages Closed | F9: =IF(COUNTIF(M9,"Cancelled")+COUNTIF(Q9,"Cancelled")+COUNTIF(U9,"Cancelled")+COUNTIF(Y9,"Cancelled")+COUNTIF(AC9,"Cancelled")+COUNTIF(AG9,"Cancelled")+COUNTIF(AK9,"Cancelled")>0,"Cancelled",IF(E9="All Stages Closed","Completed",IF(E9="S1 Schematic",M9,IF(E9="S2 PCB Layout",Q9,IF(E9="S3 SI & PI",U9,IF(E9="S4 Bare-PCB Fab",Y9,IF(E9="S5 Assembly",AC9,IF(E9="S6 Bring-up",AG9,AK9)))))))) -> Completed | G9: =IF(E9="All Stages Closed","",IF(E9="S1 Schematic",IF(N9="","Not added",N9),IF(E9="S2 PCB Layout",IF(R9="","Not added",R9),IF(E9="S3 SI & PI",IF(V9="","Not added",V9),IF(E9="S4 Bare-PCB Fab",IF(Z9="","Not added",Z9),IF(E9="S5 Assembly",IF(AD9="","Not added",AD9),IF(E9="S6 Bring-up",IF(AH9="","Not added",AH9),IF(AL9="","Not added",AL9)))))))) | H9: =IF(OR(F9="Completed",F9="Cancelled"),"",IF(NOT(ISNUMBER(G9)),"Date not added",IF(TODAY()>G9,TODAY()-G9,G9-TODAY()&" days left"))) | I9: =COUNTIF(M9,"Completed")+COUNTIF(Q9,"Completed")+COUNTIF(U9,"Completed")+COUNTIF(Y9,"Completed")+COUNTIF(AC9,"Completed")+COUNTIF(AG9,"Completed")+COUNTIF(AK9,"Completed") -> 5 | J9: =7-(COUNTIF(M9,"NA")+COUNTIF(Q9,"NA")+COUNTIF(U9,"NA")+COUNTIF(Y9,"NA")+COUNTIF(AC9,"NA")+COUNTIF(AG9,"NA")+COUNTIF(AK9,"NA")) -> 5 | K9: =IFERROR(I9/J9,"") -> 1 | L9: Veeresh + Samudra | M9: Completed | P9: Veeresh + Samudra | Q9: Completed | T9: Vivek | U9: Completed | X9: Sunil | Y9: Completed | AB9: Anji | AC9: Completed | AG9: NA | AK9: NA | AN9: No | AR9: =IF(AN9<>"Yes","",IF(AO9="","SELECT RE-ENTRY STAGE","MOVE TO ACTIVE at "&AO9)) | AS9: =IF(AN9="Yes",COUNTIF($AN$6:AN9,"Yes"),"") | AU9: =IF(OR(F9="Completed",F9="Cancelled"),"",IF(AND(OR(F9="On Hold",ISNUMBER(H9)),AT9=""),"Reason not given","")) | AV9: Performed the Partial SI and shared the reports. Later, after release, performed the SI & PI to find the issues for the DDR Inteface, PCIE Interface & Power Rails.
A10: 5 | B10: FLC | C10: MKB_LITE_VALIDATION_V2 | D10: Rajesh | E10: =IF(NOT(OR(M10="Completed",M10="NA",M10="Cancelled")),"S1 Schematic",IF(NOT(OR(Q10="Completed",Q10="NA",Q10="Cancelled")),"S2 PCB Layout",IF(NOT(OR(U10="Completed",U10="NA",U10="Cancelled")),"S3 SI & PI",IF(NOT(OR(Y10="Completed",Y10="NA",Y10="Cancelled")),"S4 Bare-PCB Fab",IF(NOT(OR(AC10="Completed",AC10="NA",AC10="Cancelled")),"S5 Assembly",IF(NOT(OR(AG10="Completed",AG10="NA",AG10="Cancelled")),"S6 Bring-up",IF(NOT(OR(AK10="Completed",AK10="NA",AK10="Cancelled")),"S7 BOM Procurement","All Stages Closed"))))))) -> All Stages Closed | F10: =IF(COUNTIF(M10,"Cancelled")+COUNTIF(Q10,"Cancelled")+COUNTIF(U10,"Cancelled")+COUNTIF(Y10,"Cancelled")+COUNTIF(AC10,"Cancelled")+COUNTIF(AG10,"Cancelled")+COUNTIF(AK10,"Cancelled")>0,"Cancelled",IF(E10="All Stages Closed","Completed",IF(E10="S1 Schematic",M10,IF(E10="S2 PCB Layout",Q10,IF(E10="S3 SI & PI",U10,IF(E10="S4 Bare-PCB Fab",Y10,IF(E10="S5 Assembly",AC10,IF(E10="S6 Bring-up",AG10,AK10)))))))) -> Completed | G10: =IF(E10="All Stages Closed","",IF(E10="S1 Schematic",IF(N10="","Not added",N10),IF(E10="S2 PCB Layout",IF(R10="","Not added",R10),IF(E10="S3 SI & PI",IF(V10="","Not added",V10),IF(E10="S4 Bare-PCB Fab",IF(Z10="","Not added",Z10),IF(E10="S5 Assembly",IF(AD10="","Not added",AD10),IF(E10="S6 Bring-up",IF(AH10="","Not added",AH10),IF(AL10="","Not added",AL10)))))))) | H10: =IF(OR(F10="Completed",F10="Cancelled"),"",IF(NOT(ISNUMBER(G10)),"Date not added",IF(TODAY()>G10,TODAY()-G10,G10-TODAY()&" days left"))) | I10: =COUNTIF(M10,"Completed")+COUNTIF(Q10,"Completed")+COUNTIF(U10,"Completed")+COUNTIF(Y10,"Completed")+COUNTIF(AC10,"Completed")+COUNTIF(AG10,"Completed")+COUNTIF(AK10,"Completed") -> 5 | J10: =7-(COUNTIF(M10,"NA")+COUNTIF(Q10,"NA")+COUNTIF(U10,"NA")+COUNTIF(Y10,"NA")+COUNTIF(AC10,"NA")+COUNTIF(AG10,"NA")+COUNTIF(AK10,"NA")) -> 5 | K10: =IFERROR(I10/J10,"") -> 1 | L10: Veeresh + Samudra | M10: Completed | N10: 46149 | P10: Veeresh + Samudra | Q10: Completed | T10: Vivek | U10: Completed | X10: Sunil | Y10: Completed | AB10: Anji | AC10: Completed | AG10: NA | AK10: NA | AN10: No | AR10: =IF(AN10<>"Yes","",IF(AO10="","SELECT RE-ENTRY STAGE","MOVE TO ACTIVE at "&AO10)) | AS10: =IF(AN10="Yes",COUNTIF($AN$6:AN10,"Yes"),"") | AU10: =IF(OR(F10="Completed",F10="Cancelled"),"",IF(AND(OR(F10="On Hold",ISNUMBER(H10)),AT10=""),"Reason not given","")) | AV10: Completed the SI & PI and shared the reports. Performed the SI & PI for the DDR, PCIE_RC , PCIE_EPand DC_DROP and AC anlaysis.
A11: 6 | B11: GMR | C11: StationIs Rev1 | D11: Srinivas | E11: =IF(NOT(OR(M11="Completed",M11="NA",M11="Cancelled")),"S1 Schematic",IF(NOT(OR(Q11="Completed",Q11="NA",Q11="Cancelled")),"S2 PCB Layout",IF(NOT(OR(U11="Completed",U11="NA",U11="Cancelled")),"S3 SI & PI",IF(NOT(OR(Y11="Completed",Y11="NA",Y11="Cancelled")),"S4 Bare-PCB Fab",IF(NOT(OR(AC11="Completed",AC11="NA",AC11="Cancelled")),"S5 Assembly",IF(NOT(OR(AG11="Completed",AG11="NA",AG11="Cancelled")),"S6 Bring-up",IF(NOT(OR(AK11="Completed",AK11="NA",AK11="Cancelled")),"S7 BOM Procurement","All Stages Closed"))))))) -> All Stages Closed | F11: =IF(COUNTIF(M11,"Cancelled")+COUNTIF(Q11,"Cancelled")+COUNTIF(U11,"Cancelled")+COUNTIF(Y11,"Cancelled")+COUNTIF(AC11,"Cancelled")+COUNTIF(AG11,"Cancelled")+COUNTIF(AK11,"Cancelled")>0,"Cancelled",IF(E11="All Stages Closed","Completed",IF(E11="S1 Schematic",M11,IF(E11="S2 PCB Layout",Q11,IF(E11="S3 SI & PI",U11,IF(E11="S4 Bare-PCB Fab",Y11,IF(E11="S5 Assembly",AC11,IF(E11="S6 Bring-up",AG11,AK11)))))))) -> Completed | G11: =IF(E11="All Stages Closed","",IF(E11="S1 Schematic",IF(N11="","Not added",N11),IF(E11="S2 PCB Layout",IF(R11="","Not added",R11),IF(E11="S3 SI & PI",IF(V11="","Not added",V11),IF(E11="S4 Bare-PCB Fab",IF(Z11="","Not added",Z11),IF(E11="S5 Assembly",IF(AD11="","Not added",AD11),IF(E11="S6 Bring-up",IF(AH11="","Not added",AH11),IF(AL11="","Not added",AL11)))))))) | H11: =IF(OR(F11="Completed",F11="Cancelled"),"",IF(NOT(ISNUMBER(G11)),"Date not added",IF(TODAY()>G11,TODAY()-G11,G11-TODAY()&" days left"))) | I11: =COUNTIF(M11,"Completed")+COUNTIF(Q11,"Completed")+COUNTIF(U11,"Completed")+COUNTIF(Y11,"Completed")+COUNTIF(AC11,"Completed")+COUNTIF(AG11,"Completed")+COUNTIF(AK11,"Completed") -> 5 | J11: =7-(COUNTIF(M11,"NA")+COUNTIF(Q11,"NA")+COUNTIF(U11,"NA")+COUNTIF(Y11,"NA")+COUNTIF(AC11,"NA")+COUNTIF(AG11,"NA")+COUNTIF(AK11,"NA")) -> 5 | K11: =IFERROR(I11/J11,"") -> 1 | L11: Vardhan | M11: Completed | N11: 46254 | P11: Keerthi | Q11: Completed | T11: Vivek | U11: Completed | X11: Sunil | Y11: Completed | AB11: Anji | AC11: Completed | AG11: NA | AK11: NA | AN11: No | AR11: =IF(AN11<>"Yes","",IF(AO11="","SELECT RE-ENTRY STAGE","MOVE TO ACTIVE at "&AO11)) | AS11: =IF(AN11="Yes",COUNTIF($AN$6:AN11,"Yes"),"") | AU11: =IF(OR(F11="Completed",F11="Cancelled"),"",IF(AND(OR(F11="On Hold",ISNUMBER(H11)),AT11=""),"Reason not given","")) | AV11: Delivered
A12: 7 | B12: GMR | C12: StationIs Rev2 | D12: Srinivas | E12: =IF(NOT(OR(M12="Completed",M12="NA",M12="Cancelled")),"S1 Schematic",IF(NOT(OR(Q12="Completed",Q12="NA",Q12="Cancelled")),"S2 PCB Layout",IF(NOT(OR(U12="Completed",U12="NA",U12="Cancelled")),"S3 SI & PI",IF(NOT(OR(Y12="Completed",Y12="NA",Y12="Cancelled")),"S4 Bare-PCB Fab",IF(NOT(OR(AC12="Completed",AC12="NA",AC12="Cancelled")),"S5 Assembly",IF(NOT(OR(AG12="Completed",AG12="NA",AG12="Cancelled")),"S6 Bring-up",IF(NOT(OR(AK12="Completed",AK12="NA",AK12="Cancelled")),"S7 BOM Procurement","All Stages Closed"))))))) -> All Stages Closed | F12: =IF(COUNTIF(M12,"Cancelled")+COUNTIF(Q12,"Cancelled")+COUNTIF(U12,"Cancelled")+COUNTIF(Y12,"Cancelled")+COUNTIF(AC12,"Cancelled")+COUNTIF(AG12,"Cancelled")+COUNTIF(AK12,"Cancelled")>0,"Cancelled",IF(E12="All Stages Closed","Completed",IF(E12="S1 Schematic",M12,IF(E12="S2 PCB Layout",Q12,IF(E12="S3 SI & PI",U12,IF(E12="S4 Bare-PCB Fab",Y12,IF(E12="S5 Assembly",AC12,IF(E12="S6 Bring-up",AG12,AK12)))))))) -> Completed | G12: =IF(E12="All Stages Closed","",IF(E12="S1 Schematic",IF(N12="","Not added",N12),IF(E12="S2 PCB Layout",IF(R12="","Not added",R12),IF(E12="S3 SI & PI",IF(V12="","Not added",V12),IF(E12="S4 Bare-PCB Fab",IF(Z12="","Not added",Z12),IF(E12="S5 Assembly",IF(AD12="","Not added",AD12),IF(E12="S6 Bring-up",IF(AH12="","Not added",AH12),IF(AL12="","Not added",AL12)))))))) | H12: =IF(OR(F12="Completed",F12="Cancelled"),"",IF(NOT(ISNUMBER(G12)),"Date not added",IF(TODAY()>G12,TODAY()-G12,G12-TODAY()&" days left"))) | I12: =COUNTIF(M12,"Completed")+COUNTIF(Q12,"Completed")+COUNTIF(U12,"Completed")+COUNTIF(Y12,"Completed")+COUNTIF(AC12,"Completed")+COUNTIF(AG12,"Completed")+COUNTIF(AK12,"Completed") -> 5 | J12: =7-(COUNTIF(M12,"NA")+COUNTIF(Q12,"NA")+COUNTIF(U12,"NA")+COUNTIF(Y12,"NA")+COUNTIF(AC12,"NA")+COUNTIF(AG12,"NA")+COUNTIF(AK12,"NA")) -> 5 | K12: =IFERROR(I12/J12,"") -> 1 | L12: Vardhan | M12: Completed | N12: 46254 | P12: Keerthi | Q12: Completed | T12: NA | U12: Completed | X12: Sunil | Y12: Completed | AB12: Anji | AC12: Completed | AG12: NA | AK12: NA | AN12: No | AR12: =IF(AN12<>"Yes","",IF(AO12="","SELECT RE-ENTRY STAGE","MOVE TO ACTIVE at "&AO12)) | AS12: =IF(AN12="Yes",COUNTIF($AN$6:AN12,"Yes"),"") | AU12: =IF(OR(F12="Completed",F12="Cancelled"),"",IF(AND(OR(F12="On Hold",ISNUMBER(H12)),AT12=""),"Reason not given","")) | AV12: Delivered
A13: 8 | B13: GMR | C13: StationIs Rev3 | D13: Srinivas | E13: =IF(NOT(OR(M13="Completed",M13="NA",M13="Cancelled")),"S1 Schematic",IF(NOT(OR(Q13="Completed",Q13="NA",Q13="Cancelled")),"S2 PCB Layout",IF(NOT(OR(U13="Completed",U13="NA",U13="Cancelled")),"S3 SI & PI",IF(NOT(OR(Y13="Completed",Y13="NA",Y13="Cancelled")),"S4 Bare-PCB Fab",IF(NOT(OR(AC13="Completed",AC13="NA",AC13="Cancelled")),"S5 Assembly",IF(NOT(OR(AG13="Completed",AG13="NA",AG13="Cancelled")),"S6 Bring-up",IF(NOT(OR(AK13="Completed",AK13="NA",AK13="Cancelled")),"S7 BOM Procurement","All Stages Closed"))))))) -> All Stages Closed | F13: =IF(COUNTIF(M13,"Cancelled")+COUNTIF(Q13,"Cancelled")+COUNTIF(U13,"Cancelled")+COUNTIF(Y13,"Cancelled")+COUNTIF(AC13,"Cancelled")+COUNTIF(AG13,"Cancelled")+COUNTIF(AK13,"Cancelled")>0,"Cancelled",IF(E13="All Stages Closed","Completed",IF(E13="S1 Schematic",M13,IF(E13="S2 PCB Layout",Q13,IF(E13="S3 SI & PI",U13,IF(E13="S4 Bare-PCB Fab",Y13,IF(E13="S5 Assembly",AC13,IF(E13="S6 Bring-up",AG13,AK13)))))))) -> Completed | G13: =IF(E13="All Stages Closed","",IF(E13="S1 Schematic",IF(N13="","Not added",N13),IF(E13="S2 PCB Layout",IF(R13="","Not added",R13),IF(E13="S3 SI & PI",IF(V13="","Not added",V13),IF(E13="S4 Bare-PCB Fab",IF(Z13="","Not added",Z13),IF(E13="S5 Assembly",IF(AD13="","Not added",AD13),IF(E13="S6 Bring-up",IF(AH13="","Not added",AH13),IF(AL13="","Not added",AL13)))))))) | H13: =IF(OR(F13="Completed",F13="Cancelled"),"",IF(NOT(ISNUMBER(G13)),"Date not added",IF(TODAY()>G13,TODAY()-G13,G13-TODAY()&" days left"))) | I13: =COUNTIF(M13,"Completed")+COUNTIF(Q13,"Completed")+COUNTIF(U13,"Completed")+COUNTIF(Y13,"Completed")+COUNTIF(AC13,"Completed")+COUNTIF(AG13,"Completed")+COUNTIF(AK13,"Completed") -> 5 | J13: =7-(COUNTIF(M13,"NA")+COUNTIF(Q13,"NA")+COUNTIF(U13,"NA")+COUNTIF(Y13,"NA")+COUNTIF(AC13,"NA")+COUNTIF(AG13,"NA")+COUNTIF(AK13,"NA")) -> 5 | K13: =IFERROR(I13/J13,"") -> 1 | L13: Vardhan | M13: Completed | N13: 46254 | P13: Keerthi | Q13: Completed | T13: NA | U13: Completed | X13: Sunil | Y13: Completed | AB13: Anji | AC13: Completed | AG13: NA | AK13: NA | AN13: No | AR13: =IF(AN13<>"Yes","",IF(AO13="","SELECT RE-ENTRY STAGE","MOVE TO ACTIVE at "&AO13)) | AS13: =IF(AN13="Yes",COUNTIF($AN$6:AN13,"Yes"),"") | AU13: =IF(OR(F13="Completed",F13="Cancelled"),"",IF(AND(OR(F13="On Hold",ISNUMBER(H13)),AT13=""),"Reason not given",""))
A14: 9 | B14: HAL | C14: HAL_PCB_RE | D14: Rajesh | E14: =IF(NOT(OR(M14="Completed",M14="NA",M14="Cancelled")),"S1 Schematic",IF(NOT(OR(Q14="Completed",Q14="NA",Q14="Cancelled")),"S2 PCB Layout",IF(NOT(OR(U14="Completed",U14="NA",U14="Cancelled")),"S3 SI & PI",IF(NOT(OR(Y14="Completed",Y14="NA",Y14="Cancelled")),"S4 Bare-PCB Fab",IF(NOT(OR(AC14="Completed",AC14="NA",AC14="Cancelled")),"S5 Assembly",IF(NOT(OR(AG14="Completed",AG14="NA",AG14="Cancelled")),"S6 Bring-up",IF(NOT(OR(AK14="Completed",AK14="NA",AK14="Cancelled")),"S7 BOM Procurement","All Stages Closed"))))))) -> All Stages Closed | F14: =IF(COUNTIF(M14,"Cancelled")+COUNTIF(Q14,"Cancelled")+COUNTIF(U14,"Cancelled")+COUNTIF(Y14,"Cancelled")+COUNTIF(AC14,"Cancelled")+COUNTIF(AG14,"Cancelled")+COUNTIF(AK14,"Cancelled")>0,"Cancelled",IF(E14="All Stages Closed","Completed",IF(E14="S1 Schematic",M14,IF(E14="S2 PCB Layout",Q14,IF(E14="S3 SI & PI",U14,IF(E14="S4 Bare-PCB Fab",Y14,IF(E14="S5 Assembly",AC14,IF(E14="S6 Bring-up",AG14,AK14)))))))) -> Completed | G14: =IF(E14="All Stages Closed","",IF(E14="S1 Schematic",IF(N14="","Not added",N14),IF(E14="S2 PCB Layout",IF(R14="","Not added",R14),IF(E14="S3 SI & PI",IF(V14="","Not added",V14),IF(E14="S4 Bare-PCB Fab",IF(Z14="","Not added",Z14),IF(E14="S5 Assembly",IF(AD14="","Not added",AD14),IF(E14="S6 Bring-up",IF(AH14="","Not added",AH14),IF(AL14="","Not added",AL14)))))))) | H14: =IF(OR(F14="Completed",F14="Cancelled"),"",IF(NOT(ISNUMBER(G14)),"Date not added",IF(TODAY()>G14,TODAY()-G14,G14-TODAY()&" days left"))) | I14: =COUNTIF(M14,"Completed")+COUNTIF(Q14,"Completed")+COUNTIF(U14,"Completed")+COUNTIF(Y14,"Completed")+COUNTIF(AC14,"Completed")+COUNTIF(AG14,"Completed")+COUNTIF(AK14,"Completed") -> 1 | J14: =7-(COUNTIF(M14,"NA")+COUNTIF(Q14,"NA")+COUNTIF(U14,"NA")+COUNTIF(Y14,"NA")+COUNTIF(AC14,"NA")+COUNTIF(AG14,"NA")+COUNTIF(AK14,"NA")) -> 1 | K14: =IFERROR(I14/J14,"") -> 1 | M14: NA | P14: Vivek | Q14: Completed | R14: 46254 | U14: NA | Y14: NA | AC14: NA | AG14: NA | AK14: NA | AN14: No | AR14: =IF(AN14<>"Yes","",IF(AO14="","SELECT RE-ENTRY STAGE","MOVE TO ACTIVE at "&AO14)) | AS14: =IF(AN14="Yes",COUNTIF($AN$6:AN14,"Yes"),"") | AU14: =IF(OR(F14="Completed",F14="Cancelled"),"",IF(AND(OR(F14="On Hold",ISNUMBER(H14)),AT14=""),"Reason not given","")) | AV14: Anji | AW14: Completed
A15: 10 | B15: HAL | C15: IFF_BACKLIGHT_ILLUMINATION_BOARD. | D15: Srinivas L | E15: =IF(NOT(OR(M15="Completed",M15="NA",M15="Cancelled")),"S1 Schematic",IF(NOT(OR(Q15="Completed",Q15="NA",Q15="Cancelled")),"S2 PCB Layout",IF(NOT(OR(U15="Completed",U15="NA",U15="Cancelled")),"S3 SI & PI",IF(NOT(OR(Y15="Completed",Y15="NA",Y15="Cancelled")),"S4 Bare-PCB Fab",IF(NOT(OR(AC15="Completed",AC15="NA",AC15="Cancelled")),"S5 Assembly",IF(NOT(OR(AG15="Completed",AG15="NA",AG15="Cancelled")),"S6 Bring-up",IF(NOT(OR(AK15="Completed",AK15="NA",AK15="Cancelled")),"S7 BOM Procurement","All Stages Closed"))))))) -> All Stages Closed | F15: =IF(COUNTIF(M15,"Cancelled")+COUNTIF(Q15,"Cancelled")+COUNTIF(U15,"Cancelled")+COUNTIF(Y15,"Cancelled")+COUNTIF(AC15,"Cancelled")+COUNTIF(AG15,"Cancelled")+COUNTIF(AK15,"Cancelled")>0,"Cancelled",IF(E15="All Stages Closed","Completed",IF(E15="S1 Schematic",M15,IF(E15="S2 PCB Layout",Q15,IF(E15="S3 SI & PI",U15,IF(E15="S4 Bare-PCB Fab",Y15,IF(E15="S5 Assembly",AC15,IF(E15="S6 Bring-up",AG15,AK15)))))))) -> Completed | G15: =IF(E15="All Stages Closed","",IF(E15="S1 Schematic",IF(N15="","Not added",N15),IF(E15="S2 PCB Layout",IF(R15="","Not added",R15),IF(E15="S3 SI & PI",IF(V15="","Not added",V15),IF(E15="S4 Bare-PCB Fab",IF(Z15="","Not added",Z15),IF(E15="S5 Assembly",IF(AD15="","Not added",AD15),IF(E15="S6 Bring-up",IF(AH15="","Not added",AH15),IF(AL15="","Not added",AL15)))))))) | H15: =IF(OR(F15="Completed",F15="Cancelled"),"",IF(NOT(ISNUMBER(G15)),"Date not added",IF(TODAY()>G15,TODAY()-G15,G15-TODAY()&" days left"))) | I15: =COUNTIF(M15,"Completed")+COUNTIF(Q15,"Completed")+COUNTIF(U15,"Completed")+COUNTIF(Y15,"Completed")+COUNTIF(AC15,"Completed")+COUNTIF(AG15,"Completed")+COUNTIF(AK15,"Completed") -> 1 | J15: =7-(COUNTIF(M15,"NA")+COUNTIF(Q15,"NA")+COUNTIF(U15,"NA")+COUNTIF(Y15,"NA")+COUNTIF(AC15,"NA")+COUNTIF(AG15,"NA")+COUNTIF(AK15,"NA")) -> 1 | K15: =IFERROR(I15/J15,"") -> 1 | M15: NA | P15: Naveen | Q15: Completed | R15: 46241 | U15: NA | Y15: NA | AC15: NA | AG15: NA | AK15: NA | AN15: No | AR15: =IF(AN15<>"Yes","",IF(AO15="","SELECT RE-ENTRY STAGE","MOVE TO ACTIVE at "&AO15)) | AS15: =IF(AN15="Yes",COUNTIF($AN$6:AN15,"Yes"),"") | AU15: =IF(OR(F15="Completed",F15="Cancelled"),"",IF(AND(OR(F15="On Hold",ISNUMBER(H15)),AT15=""),"Reason not given","")) | AV15: Design completed, waiting for the customer feedback.
A16: 11 | B16: Internal | C16: NETRA_BASE_BOARD | D16: Rajesh | E16: =IF(NOT(OR(M16="Completed",M16="NA",M16="Cancelled")),"S1 Schematic",IF(NOT(OR(Q16="Completed",Q16="NA",Q16="Cancelled")),"S2 PCB Layout",IF(NOT(OR(U16="Completed",U16="NA",U16="Cancelled")),"S3 SI & PI",IF(NOT(OR(Y16="Completed",Y16="NA",Y16="Cancelled")),"S4 Bare-PCB Fab",IF(NOT(OR(AC16="Completed",AC16="NA",AC16="Cancelled")),"S5 Assembly",IF(NOT(OR(AG16="Completed",AG16="NA",AG16="Cancelled")),"S6 Bring-up",IF(NOT(OR(AK16="Completed",AK16="NA",AK16="Cancelled")),"S7 BOM Procurement","All Stages Closed"))))))) -> All Stages Closed | F16: =IF(COUNTIF(M16,"Cancelled")+COUNTIF(Q16,"Cancelled")+COUNTIF(U16,"Cancelled")+COUNTIF(Y16,"Cancelled")+COUNTIF(AC16,"Cancelled")+COUNTIF(AG16,"Cancelled")+COUNTIF(AK16,"Cancelled")>0,"Cancelled",IF(E16="All Stages Closed","Completed",IF(E16="S1 Schematic",M16,IF(E16="S2 PCB Layout",Q16,IF(E16="S3 SI & PI",U16,IF(E16="S4 Bare-PCB Fab",Y16,IF(E16="S5 Assembly",AC16,IF(E16="S6 Bring-up",AG16,AK16)))))))) -> Completed | G16: =IF(E16="All Stages Closed","",IF(E16="S1 Schematic",IF(N16="","Not added",N16),IF(E16="S2 PCB Layout",IF(R16="","Not added",R16),IF(E16="S3 SI & PI",IF(V16="","Not added",V16),IF(E16="S4 Bare-PCB Fab",IF(Z16="","Not added",Z16),IF(E16="S5 Assembly",IF(AD16="","Not added",AD16),IF(E16="S6 Bring-up",IF(AH16="","Not added",AH16),IF(AL16="","Not added",AL16)))))))) | H16: =IF(OR(F16="Completed",F16="Cancelled"),"",IF(NOT(ISNUMBER(G16)),"Date not added",IF(TODAY()>G16,TODAY()-G16,G16-TODAY()&" days left"))) | I16: =COUNTIF(M16,"Completed")+COUNTIF(Q16,"Completed")+COUNTIF(U16,"Completed")+COUNTIF(Y16,"Completed")+COUNTIF(AC16,"Completed")+COUNTIF(AG16,"Completed")+COUNTIF(AK16,"Completed") -> 5 | J16: =7-(COUNTIF(M16,"NA")+COUNTIF(Q16,"NA")+COUNTIF(U16,"NA")+COUNTIF(Y16,"NA")+COUNTIF(AC16,"NA")+COUNTIF(AG16,"NA")+COUNTIF(AK16,"NA")) -> 5 | K16: =IFERROR(I16/J16,"") -> 1 | L16: Harika | M16: Completed | N16: 46198 | P16: Sunil | Q16: Completed | R16: 46208 | T16: Vivek | U16: Completed | V16: 46209 | X16: JLC | Y16: Completed | Z16: 46218 | AC16: Completed | AG16: NA | AK16: NA | AN16: No | AR16: =IF(AN16<>"Yes","",IF(AO16="","SELECT RE-ENTRY STAGE","MOVE TO ACTIVE at "&AO16)) | AS16: =IF(AN16="Yes",COUNTIF($AN$6:AN16,"Yes"),"") | AU16: =IF(OR(F16="Completed",F16="Cancelled"),"",IF(AND(OR(F16="On Hold",ISNUMBER(H16)),AT16=""),"Reason not given","")) | AV16: Completed the DC Drop Analysis with JLC PCB Stackup. Completed the S-parameter extraction observed the severe impedance variation, return loss, NEXT, FEXT issues. Due to the connector
A17: 12 | B17: Internal | C17: Netra_Camera-Board_IMX463&IMX662 | D17: Prithvi | E17: =IF(NOT(OR(M17="Completed",M17="NA",M17="Cancelled")),"S1 Schematic",IF(NOT(OR(Q17="Completed",Q17="NA",Q17="Cancelled")),"S2 PCB Layout",IF(NOT(OR(U17="Completed",U17="NA",U17="Cancelled")),"S3 SI & PI",IF(NOT(OR(Y17="Completed",Y17="NA",Y17="Cancelled")),"S4 Bare-PCB Fab",IF(NOT(OR(AC17="Completed",AC17="NA",AC17="Cancelled")),"S5 Assembly",IF(NOT(OR(AG17="Completed",AG17="NA",AG17="Cancelled")),"S6 Bring-up",IF(NOT(OR(AK17="Completed",AK17="NA",AK17="Cancelled")),"S7 BOM Procurement","All Stages Closed"))))))) -> All Stages Closed | F17: =IF(COUNTIF(M17,"Cancelled")+COUNTIF(Q17,"Cancelled")+COUNTIF(U17,"Cancelled")+COUNTIF(Y17,"Cancelled")+COUNTIF(AC17,"Cancelled")+COUNTIF(AG17,"Cancelled")+COUNTIF(AK17,"Cancelled")>0,"Cancelled",IF(E17="All Stages Closed","Completed",IF(E17="S1 Schematic",M17,IF(E17="S2 PCB Layout",Q17,IF(E17="S3 SI & PI",U17,IF(E17="S4 Bare-PCB Fab",Y17,IF(E17="S5 Assembly",AC17,IF(E17="S6 Bring-up",AG17,AK17)))))))) -> Completed | G17: =IF(E17="All Stages Closed","",IF(E17="S1 Schematic",IF(N17="","Not added",N17),IF(E17="S2 PCB Layout",IF(R17="","Not added",R17),IF(E17="S3 SI & PI",IF(V17="","Not added",V17),IF(E17="S4 Bare-PCB Fab",IF(Z17="","Not added",Z17),IF(E17="S5 Assembly",IF(AD17="","Not added",AD17),IF(E17="S6 Bring-up",IF(AH17="","Not added",AH17),IF(AL17="","Not added",AL17)))))))) | H17: =IF(OR(F17="Completed",F17="Cancelled"),"",IF(NOT(ISNUMBER(G17)),"Date not added",IF(TODAY()>G17,TODAY()-G17,G17-TODAY()&" days left"))) | I17: =COUNTIF(M17,"Completed")+COUNTIF(Q17,"Completed")+COUNTIF(U17,"Completed")+COUNTIF(Y17,"Completed")+COUNTIF(AC17,"Completed")+COUNTIF(AG17,"Completed")+COUNTIF(AK17,"Completed") -> 5 | J17: =7-(COUNTIF(M17,"NA")+COUNTIF(Q17,"NA")+COUNTIF(U17,"NA")+COUNTIF(Y17,"NA")+COUNTIF(AC17,"NA")+COUNTIF(AG17,"NA")+COUNTIF(AK17,"NA")) -> 5 | K17: =IFERROR(I17/J17,"") -> 1 | L17: Harika | M17: Completed | P17: Srinivas | Q17: Completed | R17: 46209 | T17: Vivek | U17: Completed | X17: Sunil | Y17: Completed | AB17: Anji | AC17: Completed | AG17: NA | AK17: NA | AN17: No | AR17: =IF(AN17<>"Yes","",IF(AO17="","SELECT RE-ENTRY STAGE","MOVE TO ACTIVE at "&AO17)) | AS17: =IF(AN17="Yes",COUNTIF($AN$6:AN17,"Yes"),"") | AU17: =IF(OR(F17="Completed",F17="Cancelled"),"",IF(AND(OR(F17="On Hold",ISNUMBER(H17)),AT17=""),"Reason not given","")) | AV17: Pcb's Recevied | AW17: REVIEW: PCB row covers IMX463+IMX662 combined; schematic/fab rows are per-sensor
A18: 13 | B18: Internal | C18: Netra_Camera_ADDON | D18: Rajesh | E18: =IF(NOT(OR(M18="Completed",M18="NA",M18="Cancelled")),"S1 Schematic",IF(NOT(OR(Q18="Completed",Q18="NA",Q18="Cancelled")),"S2 PCB Layout",IF(NOT(OR(U18="Completed",U18="NA",U18="Cancelled")),"S3 SI & PI",IF(NOT(OR(Y18="Completed",Y18="NA",Y18="Cancelled")),"S4 Bare-PCB Fab",IF(NOT(OR(AC18="Completed",AC18="NA",AC18="Cancelled")),"S5 Assembly",IF(NOT(OR(AG18="Completed",AG18="NA",AG18="Cancelled")),"S6 Bring-up",IF(NOT(OR(AK18="Completed",AK18="NA",AK18="Cancelled")),"S7 BOM Procurement","All Stages Closed"))))))) -> All Stages Closed | F18: =IF(COUNTIF(M18,"Cancelled")+COUNTIF(Q18,"Cancelled")+COUNTIF(U18,"Cancelled")+COUNTIF(Y18,"Cancelled")+COUNTIF(AC18,"Cancelled")+COUNTIF(AG18,"Cancelled")+COUNTIF(AK18,"Cancelled")>0,"Cancelled",IF(E18="All Stages Closed","Completed",IF(E18="S1 Schematic",M18,IF(E18="S2 PCB Layout",Q18,IF(E18="S3 SI & PI",U18,IF(E18="S4 Bare-PCB Fab",Y18,IF(E18="S5 Assembly",AC18,IF(E18="S6 Bring-up",AG18,AK18)))))))) -> Completed | G18: =IF(E18="All Stages Closed","",IF(E18="S1 Schematic",IF(N18="","Not added",N18),IF(E18="S2 PCB Layout",IF(R18="","Not added",R18),IF(E18="S3 SI & PI",IF(V18="","Not added",V18),IF(E18="S4 Bare-PCB Fab",IF(Z18="","Not added",Z18),IF(E18="S5 Assembly",IF(AD18="","Not added",AD18),IF(E18="S6 Bring-up",IF(AH18="","Not added",AH18),IF(AL18="","Not added",AL18)))))))) | H18: =IF(OR(F18="Completed",F18="Cancelled"),"",IF(NOT(ISNUMBER(G18)),"Date not added",IF(TODAY()>G18,TODAY()-G18,G18-TODAY()&" days left"))) | I18: =COUNTIF(M18,"Completed")+COUNTIF(Q18,"Completed")+COUNTIF(U18,"Completed")+COUNTIF(Y18,"Completed")+COUNTIF(AC18,"Completed")+COUNTIF(AG18,"Completed")+COUNTIF(AK18,"Completed") -> 5 | J18: =7-(COUNTIF(M18,"NA")+COUNTIF(Q18,"NA")+COUNTIF(U18,"NA")+COUNTIF(Y18,"NA")+COUNTIF(AC18,"NA")+COUNTIF(AG18,"NA")+COUNTIF(AK18,"NA")) -> 5 | K18: =IFERROR(I18/J18,"") -> 1 | L18: Harika | M18: Completed | P18: Srinivas | Q18: Completed | T18: Vivek | U18: Completed | X18: Sunil | Y18: Completed | AB18: Anji | AC18: Completed | AG18: NA | AK18: NA | AN18: No | AR18: =IF(AN18<>"Yes","",IF(AO18="","SELECT RE-ENTRY STAGE","MOVE TO ACTIVE at "&AO18)) | AS18: =IF(AN18="Yes",COUNTIF($AN$6:AN18,"Yes"),"") | AU18: =IF(OR(F18="Completed",F18="Cancelled"),"",IF(AND(OR(F18="On Hold",ISNUMBER(H18)),AT18=""),"Reason not given","")) | AV18: Completed the S-parameter extraction observed the severe impedance variation, return loss, NEXT, FEXT issues. Due to the connector | AW18: REVIEW: SI&PI row does not identify which camera add-on
A19: 14 | B19: Internal | C19: Netra_Camera_AddOn_IMX462 | D19: Rajesh | E19: =IF(NOT(OR(M19="Completed",M19="NA",M19="Cancelled")),"S1 Schematic",IF(NOT(OR(Q19="Completed",Q19="NA",Q19="Cancelled")),"S2 PCB Layout",IF(NOT(OR(U19="Completed",U19="NA",U19="Cancelled")),"S3 SI & PI",IF(NOT(OR(Y19="Completed",Y19="NA",Y19="Cancelled")),"S4 Bare-PCB Fab",IF(NOT(OR(AC19="Completed",AC19="NA",AC19="Cancelled")),"S5 Assembly",IF(NOT(OR(AG19="Completed",AG19="NA",AG19="Cancelled")),"S6 Bring-up",IF(NOT(OR(AK19="Completed",AK19="NA",AK19="Cancelled")),"S7 BOM Procurement","All Stages Closed"))))))) -> All Stages Closed | F19: =IF(COUNTIF(M19,"Cancelled")+COUNTIF(Q19,"Cancelled")+COUNTIF(U19,"Cancelled")+COUNTIF(Y19,"Cancelled")+COUNTIF(AC19,"Cancelled")+COUNTIF(AG19,"Cancelled")+COUNTIF(AK19,"Cancelled")>0,"Cancelled",IF(E19="All Stages Closed","Completed",IF(E19="S1 Schematic",M19,IF(E19="S2 PCB Layout",Q19,IF(E19="S3 SI & PI",U19,IF(E19="S4 Bare-PCB Fab",Y19,IF(E19="S5 Assembly",AC19,IF(E19="S6 Bring-up",AG19,AK19)))))))) -> Completed | G19: =IF(E19="All Stages Closed","",IF(E19="S1 Schematic",IF(N19="","Not added",N19),IF(E19="S2 PCB Layout",IF(R19="","Not added",R19),IF(E19="S3 SI & PI",IF(V19="","Not added",V19),IF(E19="S4 Bare-PCB Fab",IF(Z19="","Not added",Z19),IF(E19="S5 Assembly",IF(AD19="","Not added",AD19),IF(E19="S6 Bring-up",IF(AH19="","Not added",AH19),IF(AL19="","Not added",AL19)))))))) | H19: =IF(OR(F19="Completed",F19="Cancelled"),"",IF(NOT(ISNUMBER(G19)),"Date not added",IF(TODAY()>G19,TODAY()-G19,G19-TODAY()&" days left"))) | I19: =COUNTIF(M19,"Completed")+COUNTIF(Q19,"Completed")+COUNTIF(U19,"Completed")+COUNTIF(Y19,"Completed")+COUNTIF(AC19,"Completed")+COUNTIF(AG19,"Completed")+COUNTIF(AK19,"Completed") -> 5 | J19: =7-(COUNTIF(M19,"NA")+COUNTIF(Q19,"NA")+COUNTIF(U19,"NA")+COUNTIF(Y19,"NA")+COUNTIF(AC19,"NA")+COUNTIF(AG19,"NA")+COUNTIF(AK19,"NA")) -> 5 | K19: =IFERROR(I19/J19,"") -> 1 | L19: Harika | M19: Completed | N19: 46203 | P19: Srinivas | Q19: Completed | T19: Vivek | U19: Completed | X19: Sunil | Y19: Completed | AB19: Anji | AC19: Completed | AG19: NA | AK19: NA | AN19: No | AR19: =IF(AN19<>"Yes","",IF(AO19="","SELECT RE-ENTRY STAGE","MOVE TO ACTIVE at "&AO19)) | AS19: =IF(AN19="Yes",COUNTIF($AN$6:AN19,"Yes"),"") | AU19: =IF(OR(F19="Completed",F19="Cancelled"),"",IF(AND(OR(F19="On Hold",ISNUMBER(H19)),AT19=""),"Reason not given",""))
A20: 15 | B20: Internal | C20: Netra_Camera_AddOn_IMX662 | D20: Rajesh | E20: =IF(NOT(OR(M20="Completed",M20="NA",M20="Cancelled")),"S1 Schematic",IF(NOT(OR(Q20="Completed",Q20="NA",Q20="Cancelled")),"S2 PCB Layout",IF(NOT(OR(U20="Completed",U20="NA",U20="Cancelled")),"S3 SI & PI",IF(NOT(OR(Y20="Completed",Y20="NA",Y20="Cancelled")),"S4 Bare-PCB Fab",IF(NOT(OR(AC20="Completed",AC20="NA",AC20="Cancelled")),"S5 Assembly",IF(NOT(OR(AG20="Completed",AG20="NA",AG20="Cancelled")),"S6 Bring-up",IF(NOT(OR(AK20="Completed",AK20="NA",AK20="Cancelled")),"S7 BOM Procurement","All Stages Closed"))))))) -> All Stages Closed | F20: =IF(COUNTIF(M20,"Cancelled")+COUNTIF(Q20,"Cancelled")+COUNTIF(U20,"Cancelled")+COUNTIF(Y20,"Cancelled")+COUNTIF(AC20,"Cancelled")+COUNTIF(AG20,"Cancelled")+COUNTIF(AK20,"Cancelled")>0,"Cancelled",IF(E20="All Stages Closed","Completed",IF(E20="S1 Schematic",M20,IF(E20="S2 PCB Layout",Q20,IF(E20="S3 SI & PI",U20,IF(E20="S4 Bare-PCB Fab",Y20,IF(E20="S5 Assembly",AC20,IF(E20="S6 Bring-up",AG20,AK20)))))))) -> Completed | G20: =IF(E20="All Stages Closed","",IF(E20="S1 Schematic",IF(N20="","Not added",N20),IF(E20="S2 PCB Layout",IF(R20="","Not added",R20),IF(E20="S3 SI & PI",IF(V20="","Not added",V20),IF(E20="S4 Bare-PCB Fab",IF(Z20="","Not added",Z20),IF(E20="S5 Assembly",IF(AD20="","Not added",AD20),IF(E20="S6 Bring-up",IF(AH20="","Not added",AH20),IF(AL20="","Not added",AL20)))))))) | H20: =IF(OR(F20="Completed",F20="Cancelled"),"",IF(NOT(ISNUMBER(G20)),"Date not added",IF(TODAY()>G20,TODAY()-G20,G20-TODAY()&" days left"))) | I20: =COUNTIF(M20,"Completed")+COUNTIF(Q20,"Completed")+COUNTIF(U20,"Completed")+COUNTIF(Y20,"Completed")+COUNTIF(AC20,"Completed")+COUNTIF(AG20,"Completed")+COUNTIF(AK20,"Completed") -> 5 | J20: =7-(COUNTIF(M20,"NA")+COUNTIF(Q20,"NA")+COUNTIF(U20,"NA")+COUNTIF(Y20,"NA")+COUNTIF(AC20,"NA")+COUNTIF(AG20,"NA")+COUNTIF(AK20,"NA")) -> 5 | K20: =IFERROR(I20/J20,"") -> 1 | L20: Harika | M20: Completed | N20: 46203 | P20: Srinivas | Q20: Completed | T20: Vivek | U20: Completed | X20: Sunil | Y20: Completed | AB20: Anji | AC20: Completed | AG20: NA | AK20: NA | AN20: No | AR20: =IF(AN20<>"Yes","",IF(AO20="","SELECT RE-ENTRY STAGE","MOVE TO ACTIVE at "&AO20)) | AS20: =IF(AN20="Yes",COUNTIF($AN$6:AN20,"Yes"),"") | AU20: =IF(OR(F20="Completed",F20="Cancelled"),"",IF(AND(OR(F20="On Hold",ISNUMBER(H20)),AT20=""),"Reason not given",""))
A21: 16 | B21: Internal | C21: Netra_LDR-Board | D21: Prithvi | E21: =IF(NOT(OR(M21="Completed",M21="NA",M21="Cancelled")),"S1 Schematic",IF(NOT(OR(Q21="Completed",Q21="NA",Q21="Cancelled")),"S2 PCB Layout",IF(NOT(OR(U21="Completed",U21="NA",U21="Cancelled")),"S3 SI & PI",IF(NOT(OR(Y21="Completed",Y21="NA",Y21="Cancelled")),"S4 Bare-PCB Fab",IF(NOT(OR(AC21="Completed",AC21="NA",AC21="Cancelled")),"S5 Assembly",IF(NOT(OR(AG21="Completed",AG21="NA",AG21="Cancelled")),"S6 Bring-up",IF(NOT(OR(AK21="Completed",AK21="NA",AK21="Cancelled")),"S7 BOM Procurement","All Stages Closed"))))))) -> All Stages Closed | F21: =IF(COUNTIF(M21,"Cancelled")+COUNTIF(Q21,"Cancelled")+COUNTIF(U21,"Cancelled")+COUNTIF(Y21,"Cancelled")+COUNTIF(AC21,"Cancelled")+COUNTIF(AG21,"Cancelled")+COUNTIF(AK21,"Cancelled")>0,"Cancelled",IF(E21="All Stages Closed","Completed",IF(E21="S1 Schematic",M21,IF(E21="S2 PCB Layout",Q21,IF(E21="S3 SI & PI",U21,IF(E21="S4 Bare-PCB Fab",Y21,IF(E21="S5 Assembly",AC21,IF(E21="S6 Bring-up",AG21,AK21)))))))) -> Completed | G21: =IF(E21="All Stages Closed","",IF(E21="S1 Schematic",IF(N21="","Not added",N21),IF(E21="S2 PCB Layout",IF(R21="","Not added",R21),IF(E21="S3 SI & PI",IF(V21="","Not added",V21),IF(E21="S4 Bare-PCB Fab",IF(Z21="","Not added",Z21),IF(E21="S5 Assembly",IF(AD21="","Not added",AD21),IF(E21="S6 Bring-up",IF(AH21="","Not added",AH21),IF(AL21="","Not added",AL21)))))))) | H21: =IF(OR(F21="Completed",F21="Cancelled"),"",IF(NOT(ISNUMBER(G21)),"Date not added",IF(TODAY()>G21,TODAY()-G21,G21-TODAY()&" days left"))) | I21: =COUNTIF(M21,"Completed")+COUNTIF(Q21,"Completed")+COUNTIF(U21,"Completed")+COUNTIF(Y21,"Completed")+COUNTIF(AC21,"Completed")+COUNTIF(AG21,"Completed")+COUNTIF(AK21,"Completed") -> 5 | J21: =7-(COUNTIF(M21,"NA")+COUNTIF(Q21,"NA")+COUNTIF(U21,"NA")+COUNTIF(Y21,"NA")+COUNTIF(AC21,"NA")+COUNTIF(AG21,"NA")+COUNTIF(AK21,"NA")) -> 5 | K21: =IFERROR(I21/J21,"") -> 1 | L21: Harika | M21: Completed | N21: 46202 | P21: Srinivas | Q21: Completed | T21: Vivek | U21: Completed | X21: Pcb Power | Y21: Completed | Z21: 46213 | AB21: Anji | AC21: Completed | AG21: NA | AK21: NA | AN21: No | AR21: =IF(AN21<>"Yes","",IF(AO21="","SELECT RE-ENTRY STAGE","MOVE TO ACTIVE at "&AO21)) | AS21: =IF(AN21="Yes",COUNTIF($AN$6:AN21,"Yes"),"") | AU21: =IF(OR(F21="Completed",F21="Cancelled"),"",IF(AND(OR(F21="On Hold",ISNUMBER(H21)),AT21=""),"Reason not given","")) | AV21: Pcb's Recevied | AW21: Schematic row "NETRA_LDR-IR" merged here
A22: 17 | B22: Internal | C22: Netra_POE-Board | D22: Prithvi | E22: =IF(NOT(OR(M22="Completed",M22="NA",M22="Cancelled")),"S1 Schematic",IF(NOT(OR(Q22="Completed",Q22="NA",Q22="Cancelled")),"S2 PCB Layout",IF(NOT(OR(U22="Completed",U22="NA",U22="Cancelled")),"S3 SI & PI",IF(NOT(OR(Y22="Completed",Y22="NA",Y22="Cancelled")),"S4 Bare-PCB Fab",IF(NOT(OR(AC22="Completed",AC22="NA",AC22="Cancelled")),"S5 Assembly",IF(NOT(OR(AG22="Completed",AG22="NA",AG22="Cancelled")),"S6 Bring-up",IF(NOT(OR(AK22="Completed",AK22="NA",AK22="Cancelled")),"S7 BOM Procurement","All Stages Closed"))))))) -> All Stages Closed | F22: =IF(COUNTIF(M22,"Cancelled")+COUNTIF(Q22,"Cancelled")+COUNTIF(U22,"Cancelled")+COUNTIF(Y22,"Cancelled")+COUNTIF(AC22,"Cancelled")+COUNTIF(AG22,"Cancelled")+COUNTIF(AK22,"Cancelled")>0,"Cancelled",IF(E22="All Stages Closed","Completed",IF(E22="S1 Schematic",M22,IF(E22="S2 PCB Layout",Q22,IF(E22="S3 SI & PI",U22,IF(E22="S4 Bare-PCB Fab",Y22,IF(E22="S5 Assembly",AC22,IF(E22="S6 Bring-up",AG22,AK22)))))))) -> Completed | G22: =IF(E22="All Stages Closed","",IF(E22="S1 Schematic",IF(N22="","Not added",N22),IF(E22="S2 PCB Layout",IF(R22="","Not added",R22),IF(E22="S3 SI & PI",IF(V22="","Not added",V22),IF(E22="S4 Bare-PCB Fab",IF(Z22="","Not added",Z22),IF(E22="S5 Assembly",IF(AD22="","Not added",AD22),IF(E22="S6 Bring-up",IF(AH22="","Not added",AH22),IF(AL22="","Not added",AL22)))))))) | H22: =IF(OR(F22="Completed",F22="Cancelled"),"",IF(NOT(ISNUMBER(G22)),"Date not added",IF(TODAY()>G22,TODAY()-G22,G22-TODAY()&" days left"))) | I22: =COUNTIF(M22,"Completed")+COUNTIF(Q22,"Completed")+COUNTIF(U22,"Completed")+COUNTIF(Y22,"Completed")+COUNTIF(AC22,"Completed")+COUNTIF(AG22,"Completed")+COUNTIF(AK22,"Completed") -> 5 | J22: =7-(COUNTIF(M22,"NA")+COUNTIF(Q22,"NA")+COUNTIF(U22,"NA")+COUNTIF(Y22,"NA")+COUNTIF(AC22,"NA")+COUNTIF(AG22,"NA")+COUNTIF(AK22,"NA")) -> 5 | K22: =IFERROR(I22/J22,"") -> 1 | L22: Harika | M22: Completed | N22: 46199 | P22: Srinivas | Q22: Completed | T22: Vivek | U22: Completed | X22: Pcb Power | Y22: Completed | Z22: 46213 | AB22: Anji | AC22: Completed | AG22: NA | AK22: NA | AN22: No | AR22: =IF(AN22<>"Yes","",IF(AO22="","SELECT RE-ENTRY STAGE","MOVE TO ACTIVE at "&AO22)) | AS22: =IF(AN22="Yes",COUNTIF($AN$6:AN22,"Yes"),"") | AU22: =IF(OR(F22="Completed",F22="Cancelled"),"",IF(AND(OR(F22="On Hold",ISNUMBER(H22)),AT22=""),"Reason not given","")) | AV22: Pcb's Recevied | AW22: Schematic "NETRA_POE" merged here
A23: 18 | B23: Internal | C23: Netra_POE_MP8007 | D23: Prithvi | E23: =IF(NOT(OR(M23="Completed",M23="NA",M23="Cancelled")),"S1 Schematic",IF(NOT(OR(Q23="Completed",Q23="NA",Q23="Cancelled")),"S2 PCB Layout",IF(NOT(OR(U23="Completed",U23="NA",U23="Cancelled")),"S3 SI & PI",IF(NOT(OR(Y23="Completed",Y23="NA",Y23="Cancelled")),"S4 Bare-PCB Fab",IF(NOT(OR(AC23="Completed",AC23="NA",AC23="Cancelled")),"S5 Assembly",IF(NOT(OR(AG23="Completed",AG23="NA",AG23="Cancelled")),"S6 Bring-up",IF(NOT(OR(AK23="Completed",AK23="NA",AK23="Cancelled")),"S7 BOM Procurement","All Stages Closed"))))))) -> All Stages Closed | F23: =IF(COUNTIF(M23,"Cancelled")+COUNTIF(Q23,"Cancelled")+COUNTIF(U23,"Cancelled")+COUNTIF(Y23,"Cancelled")+COUNTIF(AC23,"Cancelled")+COUNTIF(AG23,"Cancelled")+COUNTIF(AK23,"Cancelled")>0,"Cancelled",IF(E23="All Stages Closed","Completed",IF(E23="S1 Schematic",M23,IF(E23="S2 PCB Layout",Q23,IF(E23="S3 SI & PI",U23,IF(E23="S4 Bare-PCB Fab",Y23,IF(E23="S5 Assembly",AC23,IF(E23="S6 Bring-up",AG23,AK23)))))))) -> Completed | G23: =IF(E23="All Stages Closed","",IF(E23="S1 Schematic",IF(N23="","Not added",N23),IF(E23="S2 PCB Layout",IF(R23="","Not added",R23),IF(E23="S3 SI & PI",IF(V23="","Not added",V23),IF(E23="S4 Bare-PCB Fab",IF(Z23="","Not added",Z23),IF(E23="S5 Assembly",IF(AD23="","Not added",AD23),IF(E23="S6 Bring-up",IF(AH23="","Not added",AH23),IF(AL23="","Not added",AL23)))))))) | H23: =IF(OR(F23="Completed",F23="Cancelled"),"",IF(NOT(ISNUMBER(G23)),"Date not added",IF(TODAY()>G23,TODAY()-G23,G23-TODAY()&" days left"))) | I23: =COUNTIF(M23,"Completed")+COUNTIF(Q23,"Completed")+COUNTIF(U23,"Completed")+COUNTIF(Y23,"Completed")+COUNTIF(AC23,"Completed")+COUNTIF(AG23,"Completed")+COUNTIF(AK23,"Completed") -> 5 | J23: =7-(COUNTIF(M23,"NA")+COUNTIF(Q23,"NA")+COUNTIF(U23,"NA")+COUNTIF(Y23,"NA")+COUNTIF(AC23,"NA")+COUNTIF(AG23,"NA")+COUNTIF(AK23,"NA")) -> 5 | K23: =IFERROR(I23/J23,"") -> 1 | L23: Harika | M23: Completed | P23: Srinivas | Q23: Completed | T23: Vivek | U23: Completed | X23: Sunil | Y23: Completed | AB23: Anji | AC23: Completed | AG23: NA | AK23: NA | AN23: No | AR23: =IF(AN23<>"Yes","",IF(AO23="","SELECT RE-ENTRY STAGE","MOVE TO ACTIVE at "&AO23)) | AS23: =IF(AN23="Yes",COUNTIF($AN$6:AN23,"Yes"),"") | AU23: =IF(OR(F23="Completed",F23="Cancelled"),"",IF(AND(OR(F23="On Hold",ISNUMBER(H23)),AT23=""),"Reason not given","")) | AV23: Project completed
A24: 19 | B24: Internal | C24: Netra_SD_Board | D24: Prithvi | E24: =IF(NOT(OR(M24="Completed",M24="NA",M24="Cancelled")),"S1 Schematic",IF(NOT(OR(Q24="Completed",Q24="NA",Q24="Cancelled")),"S2 PCB Layout",IF(NOT(OR(U24="Completed",U24="NA",U24="Cancelled")),"S3 SI & PI",IF(NOT(OR(Y24="Completed",Y24="NA",Y24="Cancelled")),"S4 Bare-PCB Fab",IF(NOT(OR(AC24="Completed",AC24="NA",AC24="Cancelled")),"S5 Assembly",IF(NOT(OR(AG24="Completed",AG24="NA",AG24="Cancelled")),"S6 Bring-up",IF(NOT(OR(AK24="Completed",AK24="NA",AK24="Cancelled")),"S7 BOM Procurement","All Stages Closed"))))))) -> All Stages Closed | F24: =IF(COUNTIF(M24,"Cancelled")+COUNTIF(Q24,"Cancelled")+COUNTIF(U24,"Cancelled")+COUNTIF(Y24,"Cancelled")+COUNTIF(AC24,"Cancelled")+COUNTIF(AG24,"Cancelled")+COUNTIF(AK24,"Cancelled")>0,"Cancelled",IF(E24="All Stages Closed","Completed",IF(E24="S1 Schematic",M24,IF(E24="S2 PCB Layout",Q24,IF(E24="S3 SI & PI",U24,IF(E24="S4 Bare-PCB Fab",Y24,IF(E24="S5 Assembly",AC24,IF(E24="S6 Bring-up",AG24,AK24)))))))) -> Completed | G24: =IF(E24="All Stages Closed","",IF(E24="S1 Schematic",IF(N24="","Not added",N24),IF(E24="S2 PCB Layout",IF(R24="","Not added",R24),IF(E24="S3 SI & PI",IF(V24="","Not added",V24),IF(E24="S4 Bare-PCB Fab",IF(Z24="","Not added",Z24),IF(E24="S5 Assembly",IF(AD24="","Not added",AD24),IF(E24="S6 Bring-up",IF(AH24="","Not added",AH24),IF(AL24="","Not added",AL24)))))))) | H24: =IF(OR(F24="Completed",F24="Cancelled"),"",IF(NOT(ISNUMBER(G24)),"Date not added",IF(TODAY()>G24,TODAY()-G24,G24-TODAY()&" days left"))) | I24: =COUNTIF(M24,"Completed")+COUNTIF(Q24,"Completed")+COUNTIF(U24,"Completed")+COUNTIF(Y24,"Completed")+COUNTIF(AC24,"Completed")+COUNTIF(AG24,"Completed")+COUNTIF(AK24,"Completed") -> 5 | J24: =7-(COUNTIF(M24,"NA")+COUNTIF(Q24,"NA")+COUNTIF(U24,"NA")+COUNTIF(Y24,"NA")+COUNTIF(AC24,"NA")+COUNTIF(AG24,"NA")+COUNTIF(AK24,"NA")) -> 5 | K24: =IFERROR(I24/J24,"") -> 1 | L24: Harika | M24: Completed | N24: 46203 | P24: Srinivas | Q24: Completed | R24: 46209 | T24: Vivek | U24: Completed | X24: Pcb Power | Y24: Completed | Z24: 46213 | AB24: Anji | AC24: Completed | AG24: NA | AK24: NA | AN24: No | AR24: =IF(AN24<>"Yes","",IF(AO24="","SELECT RE-ENTRY STAGE","MOVE TO ACTIVE at "&AO24)) | AS24: =IF(AN24="Yes",COUNTIF($AN$6:AN24,"Yes"),"") | AU24: =IF(OR(F24="Completed",F24="Cancelled"),"",IF(AND(OR(F24="On Hold",ISNUMBER(H24)),AT24=""),"Reason not given","")) | AV24: Pcb's Recevied | AW24: Schematic "NETRA_SD CARD" + fab "Netra_SD_Card_Board" merged
A25: 20 | B25: Internal | C25: RZV2N_Addon_Card | D25: Rajesh | E25: =IF(NOT(OR(M25="Completed",M25="NA",M25="Cancelled")),"S1 Schematic",IF(NOT(OR(Q25="Completed",Q25="NA",Q25="Cancelled")),"S2 PCB Layout",IF(NOT(OR(U25="Completed",U25="NA",U25="Cancelled")),"S3 SI & PI",IF(NOT(OR(Y25="Completed",Y25="NA",Y25="Cancelled")),"S4 Bare-PCB Fab",IF(NOT(OR(AC25="Completed",AC25="NA",AC25="Cancelled")),"S5 Assembly",IF(NOT(OR(AG25="Completed",AG25="NA",AG25="Cancelled")),"S6 Bring-up",IF(NOT(OR(AK25="Completed",AK25="NA",AK25="Cancelled")),"S7 BOM Procurement","All Stages Closed"))))))) -> All Stages Closed | F25: =IF(COUNTIF(M25,"Cancelled")+COUNTIF(Q25,"Cancelled")+COUNTIF(U25,"Cancelled")+COUNTIF(Y25,"Cancelled")+COUNTIF(AC25,"Cancelled")+COUNTIF(AG25,"Cancelled")+COUNTIF(AK25,"Cancelled")>0,"Cancelled",IF(E25="All Stages Closed","Completed",IF(E25="S1 Schematic",M25,IF(E25="S2 PCB Layout",Q25,IF(E25="S3 SI & PI",U25,IF(E25="S4 Bare-PCB Fab",Y25,IF(E25="S5 Assembly",AC25,IF(E25="S6 Bring-up",AG25,AK25)))))))) -> Completed | G25: =IF(E25="All Stages Closed","",IF(E25="S1 Schematic",IF(N25="","Not added",N25),IF(E25="S2 PCB Layout",IF(R25="","Not added",R25),IF(E25="S3 SI & PI",IF(V25="","Not added",V25),IF(E25="S4 Bare-PCB Fab",IF(Z25="","Not added",Z25),IF(E25="S5 Assembly",IF(AD25="","Not added",AD25),IF(E25="S6 Bring-up",IF(AH25="","Not added",AH25),IF(AL25="","Not added",AL25)))))))) | H25: =IF(OR(F25="Completed",F25="Cancelled"),"",IF(NOT(ISNUMBER(G25)),"Date not added",IF(TODAY()>G25,TODAY()-G25,G25-TODAY()&" days left"))) | I25: =COUNTIF(M25,"Completed")+COUNTIF(Q25,"Completed")+COUNTIF(U25,"Completed")+COUNTIF(Y25,"Completed")+COUNTIF(AC25,"Completed")+COUNTIF(AG25,"Completed")+COUNTIF(AK25,"Completed") -> 5 | J25: =7-(COUNTIF(M25,"NA")+COUNTIF(Q25,"NA")+COUNTIF(U25,"NA")+COUNTIF(Y25,"NA")+COUNTIF(AC25,"NA")+COUNTIF(AG25,"NA")+COUNTIF(AK25,"NA")) -> 5 | K25: =IFERROR(I25/J25,"") -> 1 | L25: Veeresh | M25: Completed | N25: 46191 | P25: Naveen | Q25: Completed | R25: 46199 | T25: Vivek | U25: Completed | V25: 46201 | Y25: Completed | AC25: Completed | AG25: NA | AK25: NA | AN25: No | AR25: =IF(AN25<>"Yes","",IF(AO25="","SELECT RE-ENTRY STAGE","MOVE TO ACTIVE at "&AO25)) | AS25: =IF(AN25="Yes",COUNTIF($AN$6:AN25,"Yes"),"") | AU25: =IF(OR(F25="Completed",F25="Cancelled"),"",IF(AND(OR(F25="On Hold",ISNUMBER(H25)),AT25=""),"Reason not given","")) | AV25: Completed the SI Analysis for the Camera on card.
A26: 21 | B26: Not set | C26: Proximity_Sensor_Board | E26: =IF(NOT(OR(M26="Completed",M26="NA",M26="Cancelled")),"S1 Schematic",IF(NOT(OR(Q26="Completed",Q26="NA",Q26="Cancelled")),"S2 PCB Layout",IF(NOT(OR(U26="Completed",U26="NA",U26="Cancelled")),"S3 SI & PI",IF(NOT(OR(Y26="Completed",Y26="NA",Y26="Cancelled")),"S4 Bare-PCB Fab",IF(NOT(OR(AC26="Completed",AC26="NA",AC26="Cancelled")),"S5 Assembly",IF(NOT(OR(AG26="Completed",AG26="NA",AG26="Cancelled")),"S6 Bring-up",IF(NOT(OR(AK26="Completed",AK26="NA",AK26="Cancelled")),"S7 BOM Procurement","All Stages Closed"))))))) -> All Stages Closed | F26: =IF(COUNTIF(M26,"Cancelled")+COUNTIF(Q26,"Cancelled")+COUNTIF(U26,"Cancelled")+COUNTIF(Y26,"Cancelled")+COUNTIF(AC26,"Cancelled")+COUNTIF(AG26,"Cancelled")+COUNTIF(AK26,"Cancelled")>0,"Cancelled",IF(E26="All Stages Closed","Completed",IF(E26="S1 Schematic",M26,IF(E26="S2 PCB Layout",Q26,IF(E26="S3 SI & PI",U26,IF(E26="S4 Bare-PCB Fab",Y26,IF(E26="S5 Assembly",AC26,IF(E26="S6 Bring-up",AG26,AK26)))))))) -> Completed | G26: =IF(E26="All Stages Closed","",IF(E26="S1 Schematic",IF(N26="","Not added",N26),IF(E26="S2 PCB Layout",IF(R26="","Not added",R26),IF(E26="S3 SI & PI",IF(V26="","Not added",V26),IF(E26="S4 Bare-PCB Fab",IF(Z26="","Not added",Z26),IF(E26="S5 Assembly",IF(AD26="","Not added",AD26),IF(E26="S6 Bring-up",IF(AH26="","Not added",AH26),IF(AL26="","Not added",AL26)))))))) | H26: =IF(OR(F26="Completed",F26="Cancelled"),"",IF(NOT(ISNUMBER(G26)),"Date not added",IF(TODAY()>G26,TODAY()-G26,G26-TODAY()&" days left"))) | I26: =COUNTIF(M26,"Completed")+COUNTIF(Q26,"Completed")+COUNTIF(U26,"Completed")+COUNTIF(Y26,"Completed")+COUNTIF(AC26,"Completed")+COUNTIF(AG26,"Completed")+COUNTIF(AK26,"Completed") -> 5 | J26: =7-(COUNTIF(M26,"NA")+COUNTIF(Q26,"NA")+COUNTIF(U26,"NA")+COUNTIF(Y26,"NA")+COUNTIF(AC26,"NA")+COUNTIF(AG26,"NA")+COUNTIF(AK26,"NA")) -> 5 | K26: =IFERROR(I26/J26,"") -> 1 | M26: Completed | Q26: Completed | U26: Completed | X26: JLC | Y26: Completed | Z26: 46255 | AC26: Completed | AG26: NA | AK26: NA | AN26: No | AR26: =IF(AN26<>"Yes","",IF(AO26="","SELECT RE-ENTRY STAGE","MOVE TO ACTIVE at "&AO26)) | AS26: =IF(AN26="Yes",COUNTIF($AN$6:AN26,"Yes"),"") | AU26: =IF(OR(F26="Completed",F26="Cancelled"),"",IF(AND(OR(F26="On Hold",ISNUMBER(H26)),AT26=""),"Reason not given","")) | AW26: REVIEW: fab order does not say SI4464 or AX5243
A27: 22 | B27: Not set | C27: USB_Radio-Card | E27: =IF(NOT(OR(M27="Completed",M27="NA",M27="Cancelled")),"S1 Schematic",IF(NOT(OR(Q27="Completed",Q27="NA",Q27="Cancelled")),"S2 PCB Layout",IF(NOT(OR(U27="Completed",U27="NA",U27="Cancelled")),"S3 SI & PI",IF(NOT(OR(Y27="Completed",Y27="NA",Y27="Cancelled")),"S4 Bare-PCB Fab",IF(NOT(OR(AC27="Completed",AC27="NA",AC27="Cancelled")),"S5 Assembly",IF(NOT(OR(AG27="Completed",AG27="NA",AG27="Cancelled")),"S6 Bring-up",IF(NOT(OR(AK27="Completed",AK27="NA",AK27="Cancelled")),"S7 BOM Procurement","All Stages Closed"))))))) -> All Stages Closed | F27: =IF(COUNTIF(M27,"Cancelled")+COUNTIF(Q27,"Cancelled")+COUNTIF(U27,"Cancelled")+COUNTIF(Y27,"Cancelled")+COUNTIF(AC27,"Cancelled")+COUNTIF(AG27,"Cancelled")+COUNTIF(AK27,"Cancelled")>0,"Cancelled",IF(E27="All Stages Closed","Completed",IF(E27="S1 Schematic",M27,IF(E27="S2 PCB Layout",Q27,IF(E27="S3 SI & PI",U27,IF(E27="S4 Bare-PCB Fab",Y27,IF(E27="S5 Assembly",AC27,IF(E27="S6 Bring-up",AG27,AK27)))))))) -> Completed | G27: =IF(E27="All Stages Closed","",IF(E27="S1 Schematic",IF(N27="","Not added",N27),IF(E27="S2 PCB Layout",IF(R27="","Not added",R27),IF(E27="S3 SI & PI",IF(V27="","Not added",V27),IF(E27="S4 Bare-PCB Fab",IF(Z27="","Not added",Z27),IF(E27="S5 Assembly",IF(AD27="","Not added",AD27),IF(E27="S6 Bring-up",IF(AH27="","Not added",AH27),IF(AL27="","Not added",AL27)))))))) | H27: =IF(OR(F27="Completed",F27="Cancelled"),"",IF(NOT(ISNUMBER(G27)),"Date not added",IF(TODAY()>G27,TODAY()-G27,G27-TODAY()&" days left"))) | I27: =COUNTIF(M27,"Completed")+COUNTIF(Q27,"Completed")+COUNTIF(U27,"Completed")+COUNTIF(Y27,"Completed")+COUNTIF(AC27,"Completed")+COUNTIF(AG27,"Completed")+COUNTIF(AK27,"Completed") -> 6 | J27: =7-(COUNTIF(M27,"NA")+COUNTIF(Q27,"NA")+COUNTIF(U27,"NA")+COUNTIF(Y27,"NA")+COUNTIF(AC27,"NA")+COUNTIF(AG27,"NA")+COUNTIF(AK27,"NA")) -> 6 | K27: =IFERROR(I27/J27,"") -> 1 | M27: Completed | Q27: Completed | U27: Completed | X27: JLC | Y27: Completed | Z27: 46252 | AC27: Completed | AG27: Completed | AK27: NA | AN27: Yes | AR27: =IF(AN27<>"Yes","",IF(AO27="","SELECT RE-ENTRY STAGE","MOVE TO ACTIVE at "&AO27)) -> SELECT RE-ENTRY STAGE | AS27: =IF(AN27="Yes",COUNTIF($AN$6:AN27,"Yes"),"") -> 1 | AU27: =IF(OR(F27="Completed",F27="Cancelled"),"",IF(AND(OR(F27="On Hold",ISNUMBER(H27)),AT27=""),"Reason not given","")) | AW27: Team flagged "Need to respin" against bring-up
A28: 23 | B28: Qernel.AI | C28: Waimea Test Chip Package | D28: Kranthi | E28: =IF(NOT(OR(M28="Completed",M28="NA",M28="Cancelled")),"S1 Schematic",IF(NOT(OR(Q28="Completed",Q28="NA",Q28="Cancelled")),"S2 PCB Layout",IF(NOT(OR(U28="Completed",U28="NA",U28="Cancelled")),"S3 SI & PI",IF(NOT(OR(Y28="Completed",Y28="NA",Y28="Cancelled")),"S4 Bare-PCB Fab",IF(NOT(OR(AC28="Completed",AC28="NA",AC28="Cancelled")),"S5 Assembly",IF(NOT(OR(AG28="Completed",AG28="NA",AG28="Cancelled")),"S6 Bring-up",IF(NOT(OR(AK28="Completed",AK28="NA",AK28="Cancelled")),"S7 BOM Procurement","All Stages Closed"))))))) -> All Stages Closed | F28: =IF(COUNTIF(M28,"Cancelled")+COUNTIF(Q28,"Cancelled")+COUNTIF(U28,"Cancelled")+COUNTIF(Y28,"Cancelled")+COUNTIF(AC28,"Cancelled")+COUNTIF(AG28,"Cancelled")+COUNTIF(AK28,"Cancelled")>0,"Cancelled",IF(E28="All Stages Closed","Completed",IF(E28="S1 Schematic",M28,IF(E28="S2 PCB Layout",Q28,IF(E28="S3 SI & PI",U28,IF(E28="S4 Bare-PCB Fab",Y28,IF(E28="S5 Assembly",AC28,IF(E28="S6 Bring-up",AG28,AK28)))))))) -> Cancelled | G28: =IF(E28="All Stages Closed","",IF(E28="S1 Schematic",IF(N28="","Not added",N28),IF(E28="S2 PCB Layout",IF(R28="","Not added",R28),IF(E28="S3 SI & PI",IF(V28="","Not added",V28),IF(E28="S4 Bare-PCB Fab",IF(Z28="","Not added",Z28),IF(E28="S5 Assembly",IF(AD28="","Not added",AD28),IF(E28="S6 Bring-up",IF(AH28="","Not added",AH28),IF(AL28="","Not added",AL28)))))))) | H28: =IF(OR(F28="Completed",F28="Cancelled"),"",IF(NOT(ISNUMBER(G28)),"Date not added",IF(TODAY()>G28,TODAY()-G28,G28-TODAY()&" days left"))) | I28: =COUNTIF(M28,"Completed")+COUNTIF(Q28,"Completed")+COUNTIF(U28,"Completed")+COUNTIF(Y28,"Completed")+COUNTIF(AC28,"Completed")+COUNTIF(AG28,"Completed")+COUNTIF(AK28,"Completed") -> 0 | J28: =7-(COUNTIF(M28,"NA")+COUNTIF(Q28,"NA")+COUNTIF(U28,"NA")+COUNTIF(Y28,"NA")+COUNTIF(AC28,"NA")+COUNTIF(AG28,"NA")+COUNTIF(AK28,"NA")) -> 5 | K28: =IFERROR(I28/J28,"") -> 0 | M28: Cancelled | P28: Srinivas | Q28: Cancelled | U28: Cancelled | Y28: Cancelled | AC28: Cancelled | AG28: NA | AK28: NA | AN28: No | AR28: =IF(AN28<>"Yes","",IF(AO28="","SELECT RE-ENTRY STAGE","MOVE TO ACTIVE at "&AO28)) | AS28: =IF(AN28="Yes",COUNTIF($AN$6:AN28,"Yes"),"") | AU28: =IF(OR(F28="Completed",F28="Cancelled"),"",IF(AND(OR(F28="On Hold",ISNUMBER(H28)),AT28=""),"Reason not given","")) | AV28: Net list creation in progress.
A29: 24 | B29: RCI | C29: RCI_BOM | D29: Srinivas | E29: =IF(NOT(OR(M29="Completed",M29="NA",M29="Cancelled")),"S1 Schematic",IF(NOT(OR(Q29="Completed",Q29="NA",Q29="Cancelled")),"S2 PCB Layout",IF(NOT(OR(U29="Completed",U29="NA",U29="Cancelled")),"S3 SI & PI",IF(NOT(OR(Y29="Completed",Y29="NA",Y29="Cancelled")),"S4 Bare-PCB Fab",IF(NOT(OR(AC29="Completed",AC29="NA",AC29="Cancelled")),"S5 Assembly",IF(NOT(OR(AG29="Completed",AG29="NA",AG29="Cancelled")),"S6 Bring-up",IF(NOT(OR(AK29="Completed",AK29="NA",AK29="Cancelled")),"S7 BOM Procurement","All Stages Closed"))))))) -> All Stages Closed | F29: =IF(COUNTIF(M29,"Cancelled")+COUNTIF(Q29,"Cancelled")+COUNTIF(U29,"Cancelled")+COUNTIF(Y29,"Cancelled")+COUNTIF(AC29,"Cancelled")+COUNTIF(AG29,"Cancelled")+COUNTIF(AK29,"Cancelled")>0,"Cancelled",IF(E29="All Stages Closed","Completed",IF(E29="S1 Schematic",M29,IF(E29="S2 PCB Layout",Q29,IF(E29="S3 SI & PI",U29,IF(E29="S4 Bare-PCB Fab",Y29,IF(E29="S5 Assembly",AC29,IF(E29="S6 Bring-up",AG29,AK29)))))))) -> Completed | G29: =IF(E29="All Stages Closed","",IF(E29="S1 Schematic",IF(N29="","Not added",N29),IF(E29="S2 PCB Layout",IF(R29="","Not added",R29),IF(E29="S3 SI & PI",IF(V29="","Not added",V29),IF(E29="S4 Bare-PCB Fab",IF(Z29="","Not added",Z29),IF(E29="S5 Assembly",IF(AD29="","Not added",AD29),IF(E29="S6 Bring-up",IF(AH29="","Not added",AH29),IF(AL29="","Not added",AL29)))))))) | H29: =IF(OR(F29="Completed",F29="Cancelled"),"",IF(NOT(ISNUMBER(G29)),"Date not added",IF(TODAY()>G29,TODAY()-G29,G29-TODAY()&" days left"))) | I29: =COUNTIF(M29,"Completed")+COUNTIF(Q29,"Completed")+COUNTIF(U29,"Completed")+COUNTIF(Y29,"Completed")+COUNTIF(AC29,"Completed")+COUNTIF(AG29,"Completed")+COUNTIF(AK29,"Completed") -> 1 | J29: =7-(COUNTIF(M29,"NA")+COUNTIF(Q29,"NA")+COUNTIF(U29,"NA")+COUNTIF(Y29,"NA")+COUNTIF(AC29,"NA")+COUNTIF(AG29,"NA")+COUNTIF(AK29,"NA")) -> 1 | K29: =IFERROR(I29/J29,"") -> 1 | M29: NA | Q29: NA | U29: NA | Y29: NA | AC29: NA | AG29: NA | AK29: Completed | AN29: No | AR29: =IF(AN29<>"Yes","",IF(AO29="","SELECT RE-ENTRY STAGE","MOVE TO ACTIVE at "&AO29)) | AS29: =IF(AN29="Yes",COUNTIF($AN$6:AN29,"Yes"),"") | AU29: =IF(OR(F29="Completed",F29="Cancelled"),"",IF(AND(OR(F29="On Hold",ISNUMBER(H29)),AT29=""),"Reason not given",""))
A30: 25 | B30: TRS | C30: AX5243 Proximity Sensor Board | D30: V Rajesh | E30: =IF(NOT(OR(M30="Completed",M30="NA",M30="Cancelled")),"S1 Schematic",IF(NOT(OR(Q30="Completed",Q30="NA",Q30="Cancelled")),"S2 PCB Layout",IF(NOT(OR(U30="Completed",U30="NA",U30="Cancelled")),"S3 SI & PI",IF(NOT(OR(Y30="Completed",Y30="NA",Y30="Cancelled")),"S4 Bare-PCB Fab",IF(NOT(OR(AC30="Completed",AC30="NA",AC30="Cancelled")),"S5 Assembly",IF(NOT(OR(AG30="Completed",AG30="NA",AG30="Cancelled")),"S6 Bring-up",IF(NOT(OR(AK30="Completed",AK30="NA",AK30="Cancelled")),"S7 BOM Procurement","All Stages Closed"))))))) -> All Stages Closed | F30: =IF(COUNTIF(M30,"Cancelled")+COUNTIF(Q30,"Cancelled")+COUNTIF(U30,"Cancelled")+COUNTIF(Y30,"Cancelled")+COUNTIF(AC30,"Cancelled")+COUNTIF(AG30,"Cancelled")+COUNTIF(AK30,"Cancelled")>0,"Cancelled",IF(E30="All Stages Closed","Completed",IF(E30="S1 Schematic",M30,IF(E30="S2 PCB Layout",Q30,IF(E30="S3 SI & PI",U30,IF(E30="S4 Bare-PCB Fab",Y30,IF(E30="S5 Assembly",AC30,IF(E30="S6 Bring-up",AG30,AK30)))))))) -> Completed | G30: =IF(E30="All Stages Closed","",IF(E30="S1 Schematic",IF(N30="","Not added",N30),IF(E30="S2 PCB Layout",IF(R30="","Not added",R30),IF(E30="S3 SI & PI",IF(V30="","Not added",V30),IF(E30="S4 Bare-PCB Fab",IF(Z30="","Not added",Z30),IF(E30="S5 Assembly",IF(AD30="","Not added",AD30),IF(E30="S6 Bring-up",IF(AH30="","Not added",AH30),IF(AL30="","Not added",AL30)))))))) | H30: =IF(OR(F30="Completed",F30="Cancelled"),"",IF(NOT(ISNUMBER(G30)),"Date not added",IF(TODAY()>G30,TODAY()-G30,G30-TODAY()&" days left"))) | I30: =COUNTIF(M30,"Completed")+COUNTIF(Q30,"Completed")+COUNTIF(U30,"Completed")+COUNTIF(Y30,"Completed")+COUNTIF(AC30,"Completed")+COUNTIF(AG30,"Completed")+COUNTIF(AK30,"Completed") -> 2 | J30: =7-(COUNTIF(M30,"NA")+COUNTIF(Q30,"NA")+COUNTIF(U30,"NA")+COUNTIF(Y30,"NA")+COUNTIF(AC30,"NA")+COUNTIF(AG30,"NA")+COUNTIF(AK30,"NA")) -> 2 | K30: =IFERROR(I30/J30,"") -> 1 | L30: Vardhan | M30: Completed | P30: Keerthi | Q30: Completed | R30: 46245 | U30: NA | Y30: NA | AC30: NA | AG30: NA | AK30: NA | AN30: No | AR30: =IF(AN30<>"Yes","",IF(AO30="","SELECT RE-ENTRY STAGE","MOVE TO ACTIVE at "&AO30)) | AS30: =IF(AN30="Yes",COUNTIF($AN$6:AN30,"Yes"),"") | AU30: =IF(OR(F30="Completed",F30="Cancelled"),"",IF(AND(OR(F30="On Hold",ISNUMBER(H30)),AT30=""),"Reason not given","")) | AV30: Project completed | AW30: Blank on upload, set to NA: S4 SI&PI, S5 Fab, S6 Assembly. Confirm NA vs Not Started. | Schematic "Proximity AX5243" merged
A31: 26 | B31: TRS | C31: Radio Card | D31: Rajesh | E31: =IF(NOT(OR(M31="Completed",M31="NA",M31="Cancelled")),"S1 Schematic",IF(NOT(OR(Q31="Completed",Q31="NA",Q31="Cancelled")),"S2 PCB Layout",IF(NOT(OR(U31="Completed",U31="NA",U31="Cancelled")),"S3 SI & PI",IF(NOT(OR(Y31="Completed",Y31="NA",Y31="Cancelled")),"S4 Bare-PCB Fab",IF(NOT(OR(AC31="Completed",AC31="NA",AC31="Cancelled")),"S5 Assembly",IF(NOT(OR(AG31="Completed",AG31="NA",AG31="Cancelled")),"S6 Bring-up",IF(NOT(OR(AK31="Completed",AK31="NA",AK31="Cancelled")),"S7 BOM Procurement","All Stages Closed"))))))) -> All Stages Closed | F31: =IF(COUNTIF(M31,"Cancelled")+COUNTIF(Q31,"Cancelled")+COUNTIF(U31,"Cancelled")+COUNTIF(Y31,"Cancelled")+COUNTIF(AC31,"Cancelled")+COUNTIF(AG31,"Cancelled")+COUNTIF(AK31,"Cancelled")>0,"Cancelled",IF(E31="All Stages Closed","Completed",IF(E31="S1 Schematic",M31,IF(E31="S2 PCB Layout",Q31,IF(E31="S3 SI & PI",U31,IF(E31="S4 Bare-PCB Fab",Y31,IF(E31="S5 Assembly",AC31,IF(E31="S6 Bring-up",AG31,AK31)))))))) -> Completed | G31: =IF(E31="All Stages Closed","",IF(E31="S1 Schematic",IF(N31="","Not added",N31),IF(E31="S2 PCB Layout",IF(R31="","Not added",R31),IF(E31="S3 SI & PI",IF(V31="","Not added",V31),IF(E31="S4 Bare-PCB Fab",IF(Z31="","Not added",Z31),IF(E31="S5 Assembly",IF(AD31="","Not added",AD31),IF(E31="S6 Bring-up",IF(AH31="","Not added",AH31),IF(AL31="","Not added",AL31)))))))) | H31: =IF(OR(F31="Completed",F31="Cancelled"),"",IF(NOT(ISNUMBER(G31)),"Date not added",IF(TODAY()>G31,TODAY()-G31,G31-TODAY()&" days left"))) | I31: =COUNTIF(M31,"Completed")+COUNTIF(Q31,"Completed")+COUNTIF(U31,"Completed")+COUNTIF(Y31,"Completed")+COUNTIF(AC31,"Completed")+COUNTIF(AG31,"Completed")+COUNTIF(AK31,"Completed") -> 5 | J31: =7-(COUNTIF(M31,"NA")+COUNTIF(Q31,"NA")+COUNTIF(U31,"NA")+COUNTIF(Y31,"NA")+COUNTIF(AC31,"NA")+COUNTIF(AG31,"NA")+COUNTIF(AK31,"NA")) -> 5 | K31: =IFERROR(I31/J31,"") -> 1 | L31: Vardhan | M31: Completed | N31: 46254 | Q31: Completed | U31: Completed | Y31: Completed | AC31: Completed | AG31: NA | AK31: NA | AN31: No | AR31: =IF(AN31<>"Yes","",IF(AO31="","SELECT RE-ENTRY STAGE","MOVE TO ACTIVE at "&AO31)) | AS31: =IF(AN31="Yes",COUNTIF($AN$6:AN31,"Yes"),"") | AU31: =IF(OR(F31="Completed",F31="Cancelled"),"",IF(AND(OR(F31="On Hold",ISNUMBER(H31)),AT31=""),"Reason not given",""))
A32: 27 | B32: TRS | C32: Radio Card Lite | D32: Rajesh | E32: =IF(NOT(OR(M32="Completed",M32="NA",M32="Cancelled")),"S1 Schematic",IF(NOT(OR(Q32="Completed",Q32="NA",Q32="Cancelled")),"S2 PCB Layout",IF(NOT(OR(U32="Completed",U32="NA",U32="Cancelled")),"S3 SI & PI",IF(NOT(OR(Y32="Completed",Y32="NA",Y32="Cancelled")),"S4 Bare-PCB Fab",IF(NOT(OR(AC32="Completed",AC32="NA",AC32="Cancelled")),"S5 Assembly",IF(NOT(OR(AG32="Completed",AG32="NA",AG32="Cancelled")),"S6 Bring-up",IF(NOT(OR(AK32="Completed",AK32="NA",AK32="Cancelled")),"S7 BOM Procurement","All Stages Closed"))))))) -> All Stages Closed | F32: =IF(COUNTIF(M32,"Cancelled")+COUNTIF(Q32,"Cancelled")+COUNTIF(U32,"Cancelled")+COUNTIF(Y32,"Cancelled")+COUNTIF(AC32,"Cancelled")+COUNTIF(AG32,"Cancelled")+COUNTIF(AK32,"Cancelled")>0,"Cancelled",IF(E32="All Stages Closed","Completed",IF(E32="S1 Schematic",M32,IF(E32="S2 PCB Layout",Q32,IF(E32="S3 SI & PI",U32,IF(E32="S4 Bare-PCB Fab",Y32,IF(E32="S5 Assembly",AC32,IF(E32="S6 Bring-up",AG32,AK32)))))))) -> Completed | G32: =IF(E32="All Stages Closed","",IF(E32="S1 Schematic",IF(N32="","Not added",N32),IF(E32="S2 PCB Layout",IF(R32="","Not added",R32),IF(E32="S3 SI & PI",IF(V32="","Not added",V32),IF(E32="S4 Bare-PCB Fab",IF(Z32="","Not added",Z32),IF(E32="S5 Assembly",IF(AD32="","Not added",AD32),IF(E32="S6 Bring-up",IF(AH32="","Not added",AH32),IF(AL32="","Not added",AL32)))))))) | H32: =IF(OR(F32="Completed",F32="Cancelled"),"",IF(NOT(ISNUMBER(G32)),"Date not added",IF(TODAY()>G32,TODAY()-G32,G32-TODAY()&" days left"))) | I32: =COUNTIF(M32,"Completed")+COUNTIF(Q32,"Completed")+COUNTIF(U32,"Completed")+COUNTIF(Y32,"Completed")+COUNTIF(AC32,"Completed")+COUNTIF(AG32,"Completed")+COUNTIF(AK32,"Completed") -> 5 | J32: =7-(COUNTIF(M32,"NA")+COUNTIF(Q32,"NA")+COUNTIF(U32,"NA")+COUNTIF(Y32,"NA")+COUNTIF(AC32,"NA")+COUNTIF(AG32,"NA")+COUNTIF(AK32,"NA")) -> 5 | K32: =IFERROR(I32/J32,"") -> 1 | L32: Vardhan | M32: Completed | N32: 46254 | Q32: Completed | U32: Completed | Y32: Completed | AC32: Completed | AG32: NA | AK32: NA | AN32: No | AR32: =IF(AN32<>"Yes","",IF(AO32="","SELECT RE-ENTRY STAGE","MOVE TO ACTIVE at "&AO32)) | AS32: =IF(AN32="Yes",COUNTIF($AN$6:AN32,"Yes"),"") | AU32: =IF(OR(F32="Completed",F32="Cancelled"),"",IF(AND(OR(F32="On Hold",ISNUMBER(H32)),AT32=""),"Reason not given",""))
A33: 28 | B33: TRS | C33: Radio Card Lite Pro | D33: Rajesh | E33: =IF(NOT(OR(M33="Completed",M33="NA",M33="Cancelled")),"S1 Schematic",IF(NOT(OR(Q33="Completed",Q33="NA",Q33="Cancelled")),"S2 PCB Layout",IF(NOT(OR(U33="Completed",U33="NA",U33="Cancelled")),"S3 SI & PI",IF(NOT(OR(Y33="Completed",Y33="NA",Y33="Cancelled")),"S4 Bare-PCB Fab",IF(NOT(OR(AC33="Completed",AC33="NA",AC33="Cancelled")),"S5 Assembly",IF(NOT(OR(AG33="Completed",AG33="NA",AG33="Cancelled")),"S6 Bring-up",IF(NOT(OR(AK33="Completed",AK33="NA",AK33="Cancelled")),"S7 BOM Procurement","All Stages Closed"))))))) -> All Stages Closed | F33: =IF(COUNTIF(M33,"Cancelled")+COUNTIF(Q33,"Cancelled")+COUNTIF(U33,"Cancelled")+COUNTIF(Y33,"Cancelled")+COUNTIF(AC33,"Cancelled")+COUNTIF(AG33,"Cancelled")+COUNTIF(AK33,"Cancelled")>0,"Cancelled",IF(E33="All Stages Closed","Completed",IF(E33="S1 Schematic",M33,IF(E33="S2 PCB Layout",Q33,IF(E33="S3 SI & PI",U33,IF(E33="S4 Bare-PCB Fab",Y33,IF(E33="S5 Assembly",AC33,IF(E33="S6 Bring-up",AG33,AK33)))))))) -> Completed | G33: =IF(E33="All Stages Closed","",IF(E33="S1 Schematic",IF(N33="","Not added",N33),IF(E33="S2 PCB Layout",IF(R33="","Not added",R33),IF(E33="S3 SI & PI",IF(V33="","Not added",V33),IF(E33="S4 Bare-PCB Fab",IF(Z33="","Not added",Z33),IF(E33="S5 Assembly",IF(AD33="","Not added",AD33),IF(E33="S6 Bring-up",IF(AH33="","Not added",AH33),IF(AL33="","Not added",AL33)))))))) | H33: =IF(OR(F33="Completed",F33="Cancelled"),"",IF(NOT(ISNUMBER(G33)),"Date not added",IF(TODAY()>G33,TODAY()-G33,G33-TODAY()&" days left"))) | I33: =COUNTIF(M33,"Completed")+COUNTIF(Q33,"Completed")+COUNTIF(U33,"Completed")+COUNTIF(Y33,"Completed")+COUNTIF(AC33,"Completed")+COUNTIF(AG33,"Completed")+COUNTIF(AK33,"Completed") -> 5 | J33: =7-(COUNTIF(M33,"NA")+COUNTIF(Q33,"NA")+COUNTIF(U33,"NA")+COUNTIF(Y33,"NA")+COUNTIF(AC33,"NA")+COUNTIF(AG33,"NA")+COUNTIF(AK33,"NA")) -> 5 | K33: =IFERROR(I33/J33,"") -> 1 | L33: Vardhan | M33: Completed | N33: 46254 | Q33: Completed | U33: Completed | Y33: Completed | AC33: Completed | AG33: NA | AK33: NA | AN33: No | AR33: =IF(AN33<>"Yes","",IF(AO33="","SELECT RE-ENTRY STAGE","MOVE TO ACTIVE at "&AO33)) | AS33: =IF(AN33="Yes",COUNTIF($AN$6:AN33,"Yes"),"") | AU33: =IF(OR(F33="Completed",F33="Cancelled"),"",IF(AND(OR(F33="On Hold",ISNUMBER(H33)),AT33=""),"Reason not given",""))
A34: 29 | B34: TRS | C34: Radio Card Lite Ver2 | D34: Rajesh | E34: =IF(NOT(OR(M34="Completed",M34="NA",M34="Cancelled")),"S1 Schematic",IF(NOT(OR(Q34="Completed",Q34="NA",Q34="Cancelled")),"S2 PCB Layout",IF(NOT(OR(U34="Completed",U34="NA",U34="Cancelled")),"S3 SI & PI",IF(NOT(OR(Y34="Completed",Y34="NA",Y34="Cancelled")),"S4 Bare-PCB Fab",IF(NOT(OR(AC34="Completed",AC34="NA",AC34="Cancelled")),"S5 Assembly",IF(NOT(OR(AG34="Completed",AG34="NA",AG34="Cancelled")),"S6 Bring-up",IF(NOT(OR(AK34="Completed",AK34="NA",AK34="Cancelled")),"S7 BOM Procurement","All Stages Closed"))))))) -> All Stages Closed | F34: =IF(COUNTIF(M34,"Cancelled")+COUNTIF(Q34,"Cancelled")+COUNTIF(U34,"Cancelled")+COUNTIF(Y34,"Cancelled")+COUNTIF(AC34,"Cancelled")+COUNTIF(AG34,"Cancelled")+COUNTIF(AK34,"Cancelled")>0,"Cancelled",IF(E34="All Stages Closed","Completed",IF(E34="S1 Schematic",M34,IF(E34="S2 PCB Layout",Q34,IF(E34="S3 SI & PI",U34,IF(E34="S4 Bare-PCB Fab",Y34,IF(E34="S5 Assembly",AC34,IF(E34="S6 Bring-up",AG34,AK34)))))))) -> Completed | G34: =IF(E34="All Stages Closed","",IF(E34="S1 Schematic",IF(N34="","Not added",N34),IF(E34="S2 PCB Layout",IF(R34="","Not added",R34),IF(E34="S3 SI & PI",IF(V34="","Not added",V34),IF(E34="S4 Bare-PCB Fab",IF(Z34="","Not added",Z34),IF(E34="S5 Assembly",IF(AD34="","Not added",AD34),IF(E34="S6 Bring-up",IF(AH34="","Not added",AH34),IF(AL34="","Not added",AL34)))))))) | H34: =IF(OR(F34="Completed",F34="Cancelled"),"",IF(NOT(ISNUMBER(G34)),"Date not added",IF(TODAY()>G34,TODAY()-G34,G34-TODAY()&" days left"))) | I34: =COUNTIF(M34,"Completed")+COUNTIF(Q34,"Completed")+COUNTIF(U34,"Completed")+COUNTIF(Y34,"Completed")+COUNTIF(AC34,"Completed")+COUNTIF(AG34,"Completed")+COUNTIF(AK34,"Completed") -> 5 | J34: =7-(COUNTIF(M34,"NA")+COUNTIF(Q34,"NA")+COUNTIF(U34,"NA")+COUNTIF(Y34,"NA")+COUNTIF(AC34,"NA")+COUNTIF(AG34,"NA")+COUNTIF(AK34,"NA")) -> 5 | K34: =IFERROR(I34/J34,"") -> 1 | L34: Vardhan | M34: Completed | N34: 46254 | Q34: Completed | U34: Completed | Y34: Completed | AC34: Completed | AG34: NA | AK34: NA | AN34: No | AR34: =IF(AN34<>"Yes","",IF(AO34="","SELECT RE-ENTRY STAGE","MOVE TO ACTIVE at "&AO34)) | AS34: =IF(AN34="Yes",COUNTIF($AN$6:AN34,"Yes"),"") | AU34: =IF(OR(F34="Completed",F34="Cancelled"),"",IF(AND(OR(F34="On Hold",ISNUMBER(H34)),AT34=""),"Reason not given","")) | AV34: Delivered
A35: 30 | B35: TRS | C35: Radio Card Ver2 | D35: Rajesh | E35: =IF(NOT(OR(M35="Completed",M35="NA",M35="Cancelled")),"S1 Schematic",IF(NOT(OR(Q35="Completed",Q35="NA",Q35="Cancelled")),"S2 PCB Layout",IF(NOT(OR(U35="Completed",U35="NA",U35="Cancelled")),"S3 SI & PI",IF(NOT(OR(Y35="Completed",Y35="NA",Y35="Cancelled")),"S4 Bare-PCB Fab",IF(NOT(OR(AC35="Completed",AC35="NA",AC35="Cancelled")),"S5 Assembly",IF(NOT(OR(AG35="Completed",AG35="NA",AG35="Cancelled")),"S6 Bring-up",IF(NOT(OR(AK35="Completed",AK35="NA",AK35="Cancelled")),"S7 BOM Procurement","All Stages Closed"))))))) -> All Stages Closed | F35: =IF(COUNTIF(M35,"Cancelled")+COUNTIF(Q35,"Cancelled")+COUNTIF(U35,"Cancelled")+COUNTIF(Y35,"Cancelled")+COUNTIF(AC35,"Cancelled")+COUNTIF(AG35,"Cancelled")+COUNTIF(AK35,"Cancelled")>0,"Cancelled",IF(E35="All Stages Closed","Completed",IF(E35="S1 Schematic",M35,IF(E35="S2 PCB Layout",Q35,IF(E35="S3 SI & PI",U35,IF(E35="S4 Bare-PCB Fab",Y35,IF(E35="S5 Assembly",AC35,IF(E35="S6 Bring-up",AG35,AK35)))))))) -> Completed | G35: =IF(E35="All Stages Closed","",IF(E35="S1 Schematic",IF(N35="","Not added",N35),IF(E35="S2 PCB Layout",IF(R35="","Not added",R35),IF(E35="S3 SI & PI",IF(V35="","Not added",V35),IF(E35="S4 Bare-PCB Fab",IF(Z35="","Not added",Z35),IF(E35="S5 Assembly",IF(AD35="","Not added",AD35),IF(E35="S6 Bring-up",IF(AH35="","Not added",AH35),IF(AL35="","Not added",AL35)))))))) | H35: =IF(OR(F35="Completed",F35="Cancelled"),"",IF(NOT(ISNUMBER(G35)),"Date not added",IF(TODAY()>G35,TODAY()-G35,G35-TODAY()&" days left"))) | I35: =COUNTIF(M35,"Completed")+COUNTIF(Q35,"Completed")+COUNTIF(U35,"Completed")+COUNTIF(Y35,"Completed")+COUNTIF(AC35,"Completed")+COUNTIF(AG35,"Completed")+COUNTIF(AK35,"Completed") -> 5 | J35: =7-(COUNTIF(M35,"NA")+COUNTIF(Q35,"NA")+COUNTIF(U35,"NA")+COUNTIF(Y35,"NA")+COUNTIF(AC35,"NA")+COUNTIF(AG35,"NA")+COUNTIF(AK35,"NA")) -> 5 | K35: =IFERROR(I35/J35,"") -> 1 | L35: Vardhan | M35: Completed | N35: 46254 | Q35: Completed | U35: Completed | Y35: Completed | AC35: Completed | AG35: NA | AK35: NA | AN35: No | AR35: =IF(AN35<>"Yes","",IF(AO35="","SELECT RE-ENTRY STAGE","MOVE TO ACTIVE at "&AO35)) | AS35: =IF(AN35="Yes",COUNTIF($AN$6:AN35,"Yes"),"") | AU35: =IF(OR(F35="Completed",F35="Cancelled"),"",IF(AND(OR(F35="On Hold",ISNUMBER(H35)),AT35=""),"Reason not given",""))
A36: 31 | B36: TRS | C36: Radio Card Ver3 | D36: Rajesh | E36: =IF(NOT(OR(M36="Completed",M36="NA",M36="Cancelled")),"S1 Schematic",IF(NOT(OR(Q36="Completed",Q36="NA",Q36="Cancelled")),"S2 PCB Layout",IF(NOT(OR(U36="Completed",U36="NA",U36="Cancelled")),"S3 SI & PI",IF(NOT(OR(Y36="Completed",Y36="NA",Y36="Cancelled")),"S4 Bare-PCB Fab",IF(NOT(OR(AC36="Completed",AC36="NA",AC36="Cancelled")),"S5 Assembly",IF(NOT(OR(AG36="Completed",AG36="NA",AG36="Cancelled")),"S6 Bring-up",IF(NOT(OR(AK36="Completed",AK36="NA",AK36="Cancelled")),"S7 BOM Procurement","All Stages Closed"))))))) -> All Stages Closed | F36: =IF(COUNTIF(M36,"Cancelled")+COUNTIF(Q36,"Cancelled")+COUNTIF(U36,"Cancelled")+COUNTIF(Y36,"Cancelled")+COUNTIF(AC36,"Cancelled")+COUNTIF(AG36,"Cancelled")+COUNTIF(AK36,"Cancelled")>0,"Cancelled",IF(E36="All Stages Closed","Completed",IF(E36="S1 Schematic",M36,IF(E36="S2 PCB Layout",Q36,IF(E36="S3 SI & PI",U36,IF(E36="S4 Bare-PCB Fab",Y36,IF(E36="S5 Assembly",AC36,IF(E36="S6 Bring-up",AG36,AK36)))))))) -> Completed | G36: =IF(E36="All Stages Closed","",IF(E36="S1 Schematic",IF(N36="","Not added",N36),IF(E36="S2 PCB Layout",IF(R36="","Not added",R36),IF(E36="S3 SI & PI",IF(V36="","Not added",V36),IF(E36="S4 Bare-PCB Fab",IF(Z36="","Not added",Z36),IF(E36="S5 Assembly",IF(AD36="","Not added",AD36),IF(E36="S6 Bring-up",IF(AH36="","Not added",AH36),IF(AL36="","Not added",AL36)))))))) | H36: =IF(OR(F36="Completed",F36="Cancelled"),"",IF(NOT(ISNUMBER(G36)),"Date not added",IF(TODAY()>G36,TODAY()-G36,G36-TODAY()&" days left"))) | I36: =COUNTIF(M36,"Completed")+COUNTIF(Q36,"Completed")+COUNTIF(U36,"Completed")+COUNTIF(Y36,"Completed")+COUNTIF(AC36,"Completed")+COUNTIF(AG36,"Completed")+COUNTIF(AK36,"Completed") -> 5 | J36: =7-(COUNTIF(M36,"NA")+COUNTIF(Q36,"NA")+COUNTIF(U36,"NA")+COUNTIF(Y36,"NA")+COUNTIF(AC36,"NA")+COUNTIF(AG36,"NA")+COUNTIF(AK36,"NA")) -> 5 | K36: =IFERROR(I36/J36,"") -> 1 | L36: Vardhan | M36: Completed | N36: 46254 | Q36: Completed | U36: Completed | Y36: Completed | AC36: Completed | AG36: NA | AK36: NA | AN36: No | AR36: =IF(AN36<>"Yes","",IF(AO36="","SELECT RE-ENTRY STAGE","MOVE TO ACTIVE at "&AO36)) | AS36: =IF(AN36="Yes",COUNTIF($AN$6:AN36,"Yes"),"") | AU36: =IF(OR(F36="Completed",F36="Cancelled"),"",IF(AND(OR(F36="On Hold",ISNUMBER(H36)),AT36=""),"Reason not given","")) | AV36: Delivered
A37: 32 | B37: TRS | C37: RC5243 Board | D37: V Rajesh | E37: =IF(NOT(OR(M37="Completed",M37="NA",M37="Cancelled")),"S1 Schematic",IF(NOT(OR(Q37="Completed",Q37="NA",Q37="Cancelled")),"S2 PCB Layout",IF(NOT(OR(U37="Completed",U37="NA",U37="Cancelled")),"S3 SI & PI",IF(NOT(OR(Y37="Completed",Y37="NA",Y37="Cancelled")),"S4 Bare-PCB Fab",IF(NOT(OR(AC37="Completed",AC37="NA",AC37="Cancelled")),"S5 Assembly",IF(NOT(OR(AG37="Completed",AG37="NA",AG37="Cancelled")),"S6 Bring-up",IF(NOT(OR(AK37="Completed",AK37="NA",AK37="Cancelled")),"S7 BOM Procurement","All Stages Closed"))))))) -> All Stages Closed | F37: =IF(COUNTIF(M37,"Cancelled")+COUNTIF(Q37,"Cancelled")+COUNTIF(U37,"Cancelled")+COUNTIF(Y37,"Cancelled")+COUNTIF(AC37,"Cancelled")+COUNTIF(AG37,"Cancelled")+COUNTIF(AK37,"Cancelled")>0,"Cancelled",IF(E37="All Stages Closed","Completed",IF(E37="S1 Schematic",M37,IF(E37="S2 PCB Layout",Q37,IF(E37="S3 SI & PI",U37,IF(E37="S4 Bare-PCB Fab",Y37,IF(E37="S5 Assembly",AC37,IF(E37="S6 Bring-up",AG37,AK37)))))))) -> Completed | G37: =IF(E37="All Stages Closed","",IF(E37="S1 Schematic",IF(N37="","Not added",N37),IF(E37="S2 PCB Layout",IF(R37="","Not added",R37),IF(E37="S3 SI & PI",IF(V37="","Not added",V37),IF(E37="S4 Bare-PCB Fab",IF(Z37="","Not added",Z37),IF(E37="S5 Assembly",IF(AD37="","Not added",AD37),IF(E37="S6 Bring-up",IF(AH37="","Not added",AH37),IF(AL37="","Not added",AL37)))))))) | H37: =IF(OR(F37="Completed",F37="Cancelled"),"",IF(NOT(ISNUMBER(G37)),"Date not added",IF(TODAY()>G37,TODAY()-G37,G37-TODAY()&" days left"))) | I37: =COUNTIF(M37,"Completed")+COUNTIF(Q37,"Completed")+COUNTIF(U37,"Completed")+COUNTIF(Y37,"Completed")+COUNTIF(AC37,"Completed")+COUNTIF(AG37,"Completed")+COUNTIF(AK37,"Completed") -> 3 | J37: =7-(COUNTIF(M37,"NA")+COUNTIF(Q37,"NA")+COUNTIF(U37,"NA")+COUNTIF(Y37,"NA")+COUNTIF(AC37,"NA")+COUNTIF(AG37,"NA")+COUNTIF(AK37,"NA")) -> 3 | K37: =IFERROR(I37/J37,"") -> 1 | L37: Vardhan | M37: Completed | N37: 46254 | P37: Keerthi | Q37: Completed | R37: 46164 | U37: NA | X37: Micropack | Y37: Completed | Z37: 46260 | AC37: NA | AG37: NA | AK37: NA | AN37: No | AR37: =IF(AN37<>"Yes","",IF(AO37="","SELECT RE-ENTRY STAGE","MOVE TO ACTIVE at "&AO37)) | AS37: =IF(AN37="Yes",COUNTIF($AN$6:AN37,"Yes"),"") | AU37: =IF(OR(F37="Completed",F37="Cancelled"),"",IF(AND(OR(F37="On Hold",ISNUMBER(H37)),AT37=""),"Reason not given","")) | AV37: In Fabrication | AW37: Blank on upload, set to NA: S4 SI&PI, S6 Assembly. Confirm NA vs Not Started. | Schematic "RC5243" merged
A38: 33 | B38: Voila Tech | C38: 8329 BLDC Motor Driver Board | D38: Rajesh | E38: =IF(NOT(OR(M38="Completed",M38="NA",M38="Cancelled")),"S1 Schematic",IF(NOT(OR(Q38="Completed",Q38="NA",Q38="Cancelled")),"S2 PCB Layout",IF(NOT(OR(U38="Completed",U38="NA",U38="Cancelled")),"S3 SI & PI",IF(NOT(OR(Y38="Completed",Y38="NA",Y38="Cancelled")),"S4 Bare-PCB Fab",IF(NOT(OR(AC38="Completed",AC38="NA",AC38="Cancelled")),"S5 Assembly",IF(NOT(OR(AG38="Completed",AG38="NA",AG38="Cancelled")),"S6 Bring-up",IF(NOT(OR(AK38="Completed",AK38="NA",AK38="Cancelled")),"S7 BOM Procurement","All Stages Closed"))))))) -> All Stages Closed | F38: =IF(COUNTIF(M38,"Cancelled")+COUNTIF(Q38,"Cancelled")+COUNTIF(U38,"Cancelled")+COUNTIF(Y38,"Cancelled")+COUNTIF(AC38,"Cancelled")+COUNTIF(AG38,"Cancelled")+COUNTIF(AK38,"Cancelled")>0,"Cancelled",IF(E38="All Stages Closed","Completed",IF(E38="S1 Schematic",M38,IF(E38="S2 PCB Layout",Q38,IF(E38="S3 SI & PI",U38,IF(E38="S4 Bare-PCB Fab",Y38,IF(E38="S5 Assembly",AC38,IF(E38="S6 Bring-up",AG38,AK38)))))))) -> Completed | G38: =IF(E38="All Stages Closed","",IF(E38="S1 Schematic",IF(N38="","Not added",N38),IF(E38="S2 PCB Layout",IF(R38="","Not added",R38),IF(E38="S3 SI & PI",IF(V38="","Not added",V38),IF(E38="S4 Bare-PCB Fab",IF(Z38="","Not added",Z38),IF(E38="S5 Assembly",IF(AD38="","Not added",AD38),IF(E38="S6 Bring-up",IF(AH38="","Not added",AH38),IF(AL38="","Not added",AL38)))))))) | H38: =IF(OR(F38="Completed",F38="Cancelled"),"",IF(NOT(ISNUMBER(G38)),"Date not added",IF(TODAY()>G38,TODAY()-G38,G38-TODAY()&" days left"))) | I38: =COUNTIF(M38,"Completed")+COUNTIF(Q38,"Completed")+COUNTIF(U38,"Completed")+COUNTIF(Y38,"Completed")+COUNTIF(AC38,"Completed")+COUNTIF(AG38,"Completed")+COUNTIF(AK38,"Completed") -> 5 | J38: =7-(COUNTIF(M38,"NA")+COUNTIF(Q38,"NA")+COUNTIF(U38,"NA")+COUNTIF(Y38,"NA")+COUNTIF(AC38,"NA")+COUNTIF(AG38,"NA")+COUNTIF(AK38,"NA")) -> 5 | K38: =IFERROR(I38/J38,"") -> 1 | L38: Vardhan | M38: Completed | N38: 46254 | Q38: Completed | U38: Completed | X38: Pcb Power | Y38: Completed | Z38: 46215 | AC38: Completed | AG38: NA | AK38: NA | AN38: No | AR38: =IF(AN38<>"Yes","",IF(AO38="","SELECT RE-ENTRY STAGE","MOVE TO ACTIVE at "&AO38)) | AS38: =IF(AN38="Yes",COUNTIF($AN$6:AN38,"Yes"),"") | AU38: =IF(OR(F38="Completed",F38="Cancelled"),"",IF(AND(OR(F38="On Hold",ISNUMBER(H38)),AT38=""),"Reason not given","")) | AV38: Delivered | AW38: S4 recorded as "Only PI" - PI done, SI not performed. Confirm scope. | Schematic "8329 BLDC..." + fab order merged
A39: 34 | B39: Voila Tech | C39: HAWK Auxiliary Board | D39: V Rajesh | E39: =IF(NOT(OR(M39="Completed",M39="NA",M39="Cancelled")),"S1 Schematic",IF(NOT(OR(Q39="Completed",Q39="NA",Q39="Cancelled")),"S2 PCB Layout",IF(NOT(OR(U39="Completed",U39="NA",U39="Cancelled")),"S3 SI & PI",IF(NOT(OR(Y39="Completed",Y39="NA",Y39="Cancelled")),"S4 Bare-PCB Fab",IF(NOT(OR(AC39="Completed",AC39="NA",AC39="Cancelled")),"S5 Assembly",IF(NOT(OR(AG39="Completed",AG39="NA",AG39="Cancelled")),"S6 Bring-up",IF(NOT(OR(AK39="Completed",AK39="NA",AK39="Cancelled")),"S7 BOM Procurement","All Stages Closed"))))))) -> All Stages Closed | F39: =IF(COUNTIF(M39,"Cancelled")+COUNTIF(Q39,"Cancelled")+COUNTIF(U39,"Cancelled")+COUNTIF(Y39,"Cancelled")+COUNTIF(AC39,"Cancelled")+COUNTIF(AG39,"Cancelled")+COUNTIF(AK39,"Cancelled")>0,"Cancelled",IF(E39="All Stages Closed","Completed",IF(E39="S1 Schematic",M39,IF(E39="S2 PCB Layout",Q39,IF(E39="S3 SI & PI",U39,IF(E39="S4 Bare-PCB Fab",Y39,IF(E39="S5 Assembly",AC39,IF(E39="S6 Bring-up",AG39,AK39)))))))) -> Completed | G39: =IF(E39="All Stages Closed","",IF(E39="S1 Schematic",IF(N39="","Not added",N39),IF(E39="S2 PCB Layout",IF(R39="","Not added",R39),IF(E39="S3 SI & PI",IF(V39="","Not added",V39),IF(E39="S4 Bare-PCB Fab",IF(Z39="","Not added",Z39),IF(E39="S5 Assembly",IF(AD39="","Not added",AD39),IF(E39="S6 Bring-up",IF(AH39="","Not added",AH39),IF(AL39="","Not added",AL39)))))))) | H39: =IF(OR(F39="Completed",F39="Cancelled"),"",IF(NOT(ISNUMBER(G39)),"Date not added",IF(TODAY()>G39,TODAY()-G39,G39-TODAY()&" days left"))) | I39: =COUNTIF(M39,"Completed")+COUNTIF(Q39,"Completed")+COUNTIF(U39,"Completed")+COUNTIF(Y39,"Completed")+COUNTIF(AC39,"Completed")+COUNTIF(AG39,"Completed")+COUNTIF(AK39,"Completed") -> 4 | J39: =7-(COUNTIF(M39,"NA")+COUNTIF(Q39,"NA")+COUNTIF(U39,"NA")+COUNTIF(Y39,"NA")+COUNTIF(AC39,"NA")+COUNTIF(AG39,"NA")+COUNTIF(AK39,"NA")) -> 4 | K39: =IFERROR(I39/J39,"") -> 1 | L39: Vardhan + Sandhya | M39: Completed | N39: 46254 | P39: Naveen | Q39: Completed | R39: 46185 | U39: NA | X39: Pcb Power | Y39: Completed | Z39: 46217 | AC39: Completed | AG39: NA | AK39: NA | AN39: No | AR39: =IF(AN39<>"Yes","",IF(AO39="","SELECT RE-ENTRY STAGE","MOVE TO ACTIVE at "&AO39)) | AS39: =IF(AN39="Yes",COUNTIF($AN$6:AN39,"Yes"),"") | AU39: =IF(OR(F39="Completed",F39="Cancelled"),"",IF(AND(OR(F39="On Hold",ISNUMBER(H39)),AT39=""),"Reason not given","")) | AV39: Project completed
A40: 35 | B40: Voila Tech | C40: Magnetic Stirrer | D40: Rajesh | E40: =IF(NOT(OR(M40="Completed",M40="NA",M40="Cancelled")),"S1 Schematic",IF(NOT(OR(Q40="Completed",Q40="NA",Q40="Cancelled")),"S2 PCB Layout",IF(NOT(OR(U40="Completed",U40="NA",U40="Cancelled")),"S3 SI & PI",IF(NOT(OR(Y40="Completed",Y40="NA",Y40="Cancelled")),"S4 Bare-PCB Fab",IF(NOT(OR(AC40="Completed",AC40="NA",AC40="Cancelled")),"S5 Assembly",IF(NOT(OR(AG40="Completed",AG40="NA",AG40="Cancelled")),"S6 Bring-up",IF(NOT(OR(AK40="Completed",AK40="NA",AK40="Cancelled")),"S7 BOM Procurement","All Stages Closed"))))))) -> All Stages Closed | F40: =IF(COUNTIF(M40,"Cancelled")+COUNTIF(Q40,"Cancelled")+COUNTIF(U40,"Cancelled")+COUNTIF(Y40,"Cancelled")+COUNTIF(AC40,"Cancelled")+COUNTIF(AG40,"Cancelled")+COUNTIF(AK40,"Cancelled")>0,"Cancelled",IF(E40="All Stages Closed","Completed",IF(E40="S1 Schematic",M40,IF(E40="S2 PCB Layout",Q40,IF(E40="S3 SI & PI",U40,IF(E40="S4 Bare-PCB Fab",Y40,IF(E40="S5 Assembly",AC40,IF(E40="S6 Bring-up",AG40,AK40)))))))) -> Completed | G40: =IF(E40="All Stages Closed","",IF(E40="S1 Schematic",IF(N40="","Not added",N40),IF(E40="S2 PCB Layout",IF(R40="","Not added",R40),IF(E40="S3 SI & PI",IF(V40="","Not added",V40),IF(E40="S4 Bare-PCB Fab",IF(Z40="","Not added",Z40),IF(E40="S5 Assembly",IF(AD40="","Not added",AD40),IF(E40="S6 Bring-up",IF(AH40="","Not added",AH40),IF(AL40="","Not added",AL40)))))))) | H40: =IF(OR(F40="Completed",F40="Cancelled"),"",IF(NOT(ISNUMBER(G40)),"Date not added",IF(TODAY()>G40,TODAY()-G40,G40-TODAY()&" days left"))) | I40: =COUNTIF(M40,"Completed")+COUNTIF(Q40,"Completed")+COUNTIF(U40,"Completed")+COUNTIF(Y40,"Completed")+COUNTIF(AC40,"Completed")+COUNTIF(AG40,"Completed")+COUNTIF(AK40,"Completed") -> 2 | J40: =7-(COUNTIF(M40,"NA")+COUNTIF(Q40,"NA")+COUNTIF(U40,"NA")+COUNTIF(Y40,"NA")+COUNTIF(AC40,"NA")+COUNTIF(AG40,"NA")+COUNTIF(AK40,"NA")) -> 2 | K40: =IFERROR(I40/J40,"") -> 1 | L40: Vardhan | M40: Completed | N40: 46254 | Q40: Completed | U40: NA | Y40: NA | AC40: NA | AG40: NA | AK40: NA | AN40: No | AR40: =IF(AN40<>"Yes","",IF(AO40="","SELECT RE-ENTRY STAGE","MOVE TO ACTIVE at "&AO40)) | AS40: =IF(AN40="Yes",COUNTIF($AN$6:AN40,"Yes"),"") | AU40: =IF(OR(F40="Completed",F40="Cancelled"),"",IF(AND(OR(F40="On Hold",ISNUMBER(H40)),AT40=""),"Reason not given","")) | AV40: Delivered
A41: 36 | B41: Voila Tech | C41: Myna Board | D41: Rajesh | E41: =IF(NOT(OR(M41="Completed",M41="NA",M41="Cancelled")),"S1 Schematic",IF(NOT(OR(Q41="Completed",Q41="NA",Q41="Cancelled")),"S2 PCB Layout",IF(NOT(OR(U41="Completed",U41="NA",U41="Cancelled")),"S3 SI & PI",IF(NOT(OR(Y41="Completed",Y41="NA",Y41="Cancelled")),"S4 Bare-PCB Fab",IF(NOT(OR(AC41="Completed",AC41="NA",AC41="Cancelled")),"S5 Assembly",IF(NOT(OR(AG41="Completed",AG41="NA",AG41="Cancelled")),"S6 Bring-up",IF(NOT(OR(AK41="Completed",AK41="NA",AK41="Cancelled")),"S7 BOM Procurement","All Stages Closed"))))))) -> All Stages Closed | F41: =IF(COUNTIF(M41,"Cancelled")+COUNTIF(Q41,"Cancelled")+COUNTIF(U41,"Cancelled")+COUNTIF(Y41,"Cancelled")+COUNTIF(AC41,"Cancelled")+COUNTIF(AG41,"Cancelled")+COUNTIF(AK41,"Cancelled")>0,"Cancelled",IF(E41="All Stages Closed","Completed",IF(E41="S1 Schematic",M41,IF(E41="S2 PCB Layout",Q41,IF(E41="S3 SI & PI",U41,IF(E41="S4 Bare-PCB Fab",Y41,IF(E41="S5 Assembly",AC41,IF(E41="S6 Bring-up",AG41,AK41)))))))) -> Completed | G41: =IF(E41="All Stages Closed","",IF(E41="S1 Schematic",IF(N41="","Not added",N41),IF(E41="S2 PCB Layout",IF(R41="","Not added",R41),IF(E41="S3 SI & PI",IF(V41="","Not added",V41),IF(E41="S4 Bare-PCB Fab",IF(Z41="","Not added",Z41),IF(E41="S5 Assembly",IF(AD41="","Not added",AD41),IF(E41="S6 Bring-up",IF(AH41="","Not added",AH41),IF(AL41="","Not added",AL41)))))))) | H41: =IF(OR(F41="Completed",F41="Cancelled"),"",IF(NOT(ISNUMBER(G41)),"Date not added",IF(TODAY()>G41,TODAY()-G41,G41-TODAY()&" days left"))) | I41: =COUNTIF(M41,"Completed")+COUNTIF(Q41,"Completed")+COUNTIF(U41,"Completed")+COUNTIF(Y41,"Completed")+COUNTIF(AC41,"Completed")+COUNTIF(AG41,"Completed")+COUNTIF(AK41,"Completed") -> 4 | J41: =7-(COUNTIF(M41,"NA")+COUNTIF(Q41,"NA")+COUNTIF(U41,"NA")+COUNTIF(Y41,"NA")+COUNTIF(AC41,"NA")+COUNTIF(AG41,"NA")+COUNTIF(AK41,"NA")) -> 4 | K41: =IFERROR(I41/J41,"") -> 1 | L41: Vardhan | M41: Completed | N41: 46254 | Q41: Completed | U41: NA | Y41: Completed | AC41: Completed | AG41: NA | AK41: NA | AN41: No | AR41: =IF(AN41<>"Yes","",IF(AO41="","SELECT RE-ENTRY STAGE","MOVE TO ACTIVE at "&AO41)) | AS41: =IF(AN41="Yes",COUNTIF($AN$6:AN41,"Yes"),"") | AU41: =IF(OR(F41="Completed",F41="Cancelled"),"",IF(AND(OR(F41="On Hold",ISNUMBER(H41)),AT41=""),"Reason not given","")) | AV41: Delivered
A42: 37 | B42: Voila Tech | C42: OverHead Stirrer | D42: Rajesh | E42: =IF(NOT(OR(M42="Completed",M42="NA",M42="Cancelled")),"S1 Schematic",IF(NOT(OR(Q42="Completed",Q42="NA",Q42="Cancelled")),"S2 PCB Layout",IF(NOT(OR(U42="Completed",U42="NA",U42="Cancelled")),"S3 SI & PI",IF(NOT(OR(Y42="Completed",Y42="NA",Y42="Cancelled")),"S4 Bare-PCB Fab",IF(NOT(OR(AC42="Completed",AC42="NA",AC42="Cancelled")),"S5 Assembly",IF(NOT(OR(AG42="Completed",AG42="NA",AG42="Cancelled")),"S6 Bring-up",IF(NOT(OR(AK42="Completed",AK42="NA",AK42="Cancelled")),"S7 BOM Procurement","All Stages Closed"))))))) -> All Stages Closed | F42: =IF(COUNTIF(M42,"Cancelled")+COUNTIF(Q42,"Cancelled")+COUNTIF(U42,"Cancelled")+COUNTIF(Y42,"Cancelled")+COUNTIF(AC42,"Cancelled")+COUNTIF(AG42,"Cancelled")+COUNTIF(AK42,"Cancelled")>0,"Cancelled",IF(E42="All Stages Closed","Completed",IF(E42="S1 Schematic",M42,IF(E42="S2 PCB Layout",Q42,IF(E42="S3 SI & PI",U42,IF(E42="S4 Bare-PCB Fab",Y42,IF(E42="S5 Assembly",AC42,IF(E42="S6 Bring-up",AG42,AK42)))))))) -> Completed | G42: =IF(E42="All Stages Closed","",IF(E42="S1 Schematic",IF(N42="","Not added",N42),IF(E42="S2 PCB Layout",IF(R42="","Not added",R42),IF(E42="S3 SI & PI",IF(V42="","Not added",V42),IF(E42="S4 Bare-PCB Fab",IF(Z42="","Not added",Z42),IF(E42="S5 Assembly",IF(AD42="","Not added",AD42),IF(E42="S6 Bring-up",IF(AH42="","Not added",AH42),IF(AL42="","Not added",AL42)))))))) | H42: =IF(OR(F42="Completed",F42="Cancelled"),"",IF(NOT(ISNUMBER(G42)),"Date not added",IF(TODAY()>G42,TODAY()-G42,G42-TODAY()&" days left"))) | I42: =COUNTIF(M42,"Completed")+COUNTIF(Q42,"Completed")+COUNTIF(U42,"Completed")+COUNTIF(Y42,"Completed")+COUNTIF(AC42,"Completed")+COUNTIF(AG42,"Completed")+COUNTIF(AK42,"Completed") -> 2 | J42: =7-(COUNTIF(M42,"NA")+COUNTIF(Q42,"NA")+COUNTIF(U42,"NA")+COUNTIF(Y42,"NA")+COUNTIF(AC42,"NA")+COUNTIF(AG42,"NA")+COUNTIF(AK42,"NA")) -> 2 | K42: =IFERROR(I42/J42,"") -> 1 | L42: Vardhan + Sandhya | M42: Completed | N42: 46254 | Q42: Completed | U42: NA | Y42: NA | AC42: NA | AG42: NA | AK42: NA | AN42: No | AR42: =IF(AN42<>"Yes","",IF(AO42="","SELECT RE-ENTRY STAGE","MOVE TO ACTIVE at "&AO42)) | AS42: =IF(AN42="Yes",COUNTIF($AN$6:AN42,"Yes"),"") | AU42: =IF(OR(F42="Completed",F42="Cancelled"),"",IF(AND(OR(F42="On Hold",ISNUMBER(H42)),AT42=""),"Reason not given","")) | AV42: Delivered
A43: 38 | B43: Voila Tech | C43: Peptide Synthesizer | D43: Rajesh | E43: =IF(NOT(OR(M43="Completed",M43="NA",M43="Cancelled")),"S1 Schematic",IF(NOT(OR(Q43="Completed",Q43="NA",Q43="Cancelled")),"S2 PCB Layout",IF(NOT(OR(U43="Completed",U43="NA",U43="Cancelled")),"S3 SI & PI",IF(NOT(OR(Y43="Completed",Y43="NA",Y43="Cancelled")),"S4 Bare-PCB Fab",IF(NOT(OR(AC43="Completed",AC43="NA",AC43="Cancelled")),"S5 Assembly",IF(NOT(OR(AG43="Completed",AG43="NA",AG43="Cancelled")),"S6 Bring-up",IF(NOT(OR(AK43="Completed",AK43="NA",AK43="Cancelled")),"S7 BOM Procurement","All Stages Closed"))))))) -> All Stages Closed | F43: =IF(COUNTIF(M43,"Cancelled")+COUNTIF(Q43,"Cancelled")+COUNTIF(U43,"Cancelled")+COUNTIF(Y43,"Cancelled")+COUNTIF(AC43,"Cancelled")+COUNTIF(AG43,"Cancelled")+COUNTIF(AK43,"Cancelled")>0,"Cancelled",IF(E43="All Stages Closed","Completed",IF(E43="S1 Schematic",M43,IF(E43="S2 PCB Layout",Q43,IF(E43="S3 SI & PI",U43,IF(E43="S4 Bare-PCB Fab",Y43,IF(E43="S5 Assembly",AC43,IF(E43="S6 Bring-up",AG43,AK43)))))))) -> Completed | G43: =IF(E43="All Stages Closed","",IF(E43="S1 Schematic",IF(N43="","Not added",N43),IF(E43="S2 PCB Layout",IF(R43="","Not added",R43),IF(E43="S3 SI & PI",IF(V43="","Not added",V43),IF(E43="S4 Bare-PCB Fab",IF(Z43="","Not added",Z43),IF(E43="S5 Assembly",IF(AD43="","Not added",AD43),IF(E43="S6 Bring-up",IF(AH43="","Not added",AH43),IF(AL43="","Not added",AL43)))))))) | H43: =IF(OR(F43="Completed",F43="Cancelled"),"",IF(NOT(ISNUMBER(G43)),"Date not added",IF(TODAY()>G43,TODAY()-G43,G43-TODAY()&" days left"))) | I43: =COUNTIF(M43,"Completed")+COUNTIF(Q43,"Completed")+COUNTIF(U43,"Completed")+COUNTIF(Y43,"Completed")+COUNTIF(AC43,"Completed")+COUNTIF(AG43,"Completed")+COUNTIF(AK43,"Completed") -> 2 | J43: =7-(COUNTIF(M43,"NA")+COUNTIF(Q43,"NA")+COUNTIF(U43,"NA")+COUNTIF(Y43,"NA")+COUNTIF(AC43,"NA")+COUNTIF(AG43,"NA")+COUNTIF(AK43,"NA")) -> 2 | K43: =IFERROR(I43/J43,"") -> 1 | L43: Vardhan | M43: Completed | N43: 46254 | Q43: Completed | U43: NA | Y43: NA | AC43: NA | AG43: NA | AK43: NA | AN43: No | AR43: =IF(AN43<>"Yes","",IF(AO43="","SELECT RE-ENTRY STAGE","MOVE TO ACTIVE at "&AO43)) | AS43: =IF(AN43="Yes",COUNTIF($AN$6:AN43,"Yes"),"") | AU43: =IF(OR(F43="Completed",F43="Cancelled"),"",IF(AND(OR(F43="On Hold",ISNUMBER(H43)),AT43=""),"Reason not given","")) | AV43: Delivered
A44: 39 | B44: Voila Tech | C44: Pilot Evaporator | D44: Rajesh | E44: =IF(NOT(OR(M44="Completed",M44="NA",M44="Cancelled")),"S1 Schematic",IF(NOT(OR(Q44="Completed",Q44="NA",Q44="Cancelled")),"S2 PCB Layout",IF(NOT(OR(U44="Completed",U44="NA",U44="Cancelled")),"S3 SI & PI",IF(NOT(OR(Y44="Completed",Y44="NA",Y44="Cancelled")),"S4 Bare-PCB Fab",IF(NOT(OR(AC44="Completed",AC44="NA",AC44="Cancelled")),"S5 Assembly",IF(NOT(OR(AG44="Completed",AG44="NA",AG44="Cancelled")),"S6 Bring-up",IF(NOT(OR(AK44="Completed",AK44="NA",AK44="Cancelled")),"S7 BOM Procurement","All Stages Closed"))))))) -> All Stages Closed | F44: =IF(COUNTIF(M44,"Cancelled")+COUNTIF(Q44,"Cancelled")+COUNTIF(U44,"Cancelled")+COUNTIF(Y44,"Cancelled")+COUNTIF(AC44,"Cancelled")+COUNTIF(AG44,"Cancelled")+COUNTIF(AK44,"Cancelled")>0,"Cancelled",IF(E44="All Stages Closed","Completed",IF(E44="S1 Schematic",M44,IF(E44="S2 PCB Layout",Q44,IF(E44="S3 SI & PI",U44,IF(E44="S4 Bare-PCB Fab",Y44,IF(E44="S5 Assembly",AC44,IF(E44="S6 Bring-up",AG44,AK44)))))))) -> Completed | G44: =IF(E44="All Stages Closed","",IF(E44="S1 Schematic",IF(N44="","Not added",N44),IF(E44="S2 PCB Layout",IF(R44="","Not added",R44),IF(E44="S3 SI & PI",IF(V44="","Not added",V44),IF(E44="S4 Bare-PCB Fab",IF(Z44="","Not added",Z44),IF(E44="S5 Assembly",IF(AD44="","Not added",AD44),IF(E44="S6 Bring-up",IF(AH44="","Not added",AH44),IF(AL44="","Not added",AL44)))))))) | H44: =IF(OR(F44="Completed",F44="Cancelled"),"",IF(NOT(ISNUMBER(G44)),"Date not added",IF(TODAY()>G44,TODAY()-G44,G44-TODAY()&" days left"))) | I44: =COUNTIF(M44,"Completed")+COUNTIF(Q44,"Completed")+COUNTIF(U44,"Completed")+COUNTIF(Y44,"Completed")+COUNTIF(AC44,"Completed")+COUNTIF(AG44,"Completed")+COUNTIF(AK44,"Completed") -> 4 | J44: =7-(COUNTIF(M44,"NA")+COUNTIF(Q44,"NA")+COUNTIF(U44,"NA")+COUNTIF(Y44,"NA")+COUNTIF(AC44,"NA")+COUNTIF(AG44,"NA")+COUNTIF(AK44,"NA")) -> 4 | K44: =IFERROR(I44/J44,"") -> 1 | L44: Vardhan | M44: Completed | N44: 46254 | Q44: Completed | U44: NA | Y44: Completed | AC44: Completed | AG44: NA | AK44: NA | AN44: No | AR44: =IF(AN44<>"Yes","",IF(AO44="","SELECT RE-ENTRY STAGE","MOVE TO ACTIVE at "&AO44)) | AS44: =IF(AN44="Yes",COUNTIF($AN$6:AN44,"Yes"),"") | AU44: =IF(OR(F44="Completed",F44="Cancelled"),"",IF(AND(OR(F44="On Hold",ISNUMBER(H44)),AT44=""),"Reason not given","")) | AV44: Delivered
A45: 40 | B45: Voila Tech | C45: Rotary Evaporator | D45: Rajesh | E45: =IF(NOT(OR(M45="Completed",M45="NA",M45="Cancelled")),"S1 Schematic",IF(NOT(OR(Q45="Completed",Q45="NA",Q45="Cancelled")),"S2 PCB Layout",IF(NOT(OR(U45="Completed",U45="NA",U45="Cancelled")),"S3 SI & PI",IF(NOT(OR(Y45="Completed",Y45="NA",Y45="Cancelled")),"S4 Bare-PCB Fab",IF(NOT(OR(AC45="Completed",AC45="NA",AC45="Cancelled")),"S5 Assembly",IF(NOT(OR(AG45="Completed",AG45="NA",AG45="Cancelled")),"S6 Bring-up",IF(NOT(OR(AK45="Completed",AK45="NA",AK45="Cancelled")),"S7 BOM Procurement","All Stages Closed"))))))) -> All Stages Closed | F45: =IF(COUNTIF(M45,"Cancelled")+COUNTIF(Q45,"Cancelled")+COUNTIF(U45,"Cancelled")+COUNTIF(Y45,"Cancelled")+COUNTIF(AC45,"Cancelled")+COUNTIF(AG45,"Cancelled")+COUNTIF(AK45,"Cancelled")>0,"Cancelled",IF(E45="All Stages Closed","Completed",IF(E45="S1 Schematic",M45,IF(E45="S2 PCB Layout",Q45,IF(E45="S3 SI & PI",U45,IF(E45="S4 Bare-PCB Fab",Y45,IF(E45="S5 Assembly",AC45,IF(E45="S6 Bring-up",AG45,AK45)))))))) -> Completed | G45: =IF(E45="All Stages Closed","",IF(E45="S1 Schematic",IF(N45="","Not added",N45),IF(E45="S2 PCB Layout",IF(R45="","Not added",R45),IF(E45="S3 SI & PI",IF(V45="","Not added",V45),IF(E45="S4 Bare-PCB Fab",IF(Z45="","Not added",Z45),IF(E45="S5 Assembly",IF(AD45="","Not added",AD45),IF(E45="S6 Bring-up",IF(AH45="","Not added",AH45),IF(AL45="","Not added",AL45)))))))) | H45: =IF(OR(F45="Completed",F45="Cancelled"),"",IF(NOT(ISNUMBER(G45)),"Date not added",IF(TODAY()>G45,TODAY()-G45,G45-TODAY()&" days left"))) | I45: =COUNTIF(M45,"Completed")+COUNTIF(Q45,"Completed")+COUNTIF(U45,"Completed")+COUNTIF(Y45,"Completed")+COUNTIF(AC45,"Completed")+COUNTIF(AG45,"Completed")+COUNTIF(AK45,"Completed") -> 4 | J45: =7-(COUNTIF(M45,"NA")+COUNTIF(Q45,"NA")+COUNTIF(U45,"NA")+COUNTIF(Y45,"NA")+COUNTIF(AC45,"NA")+COUNTIF(AG45,"NA")+COUNTIF(AK45,"NA")) -> 4 | K45: =IFERROR(I45/J45,"") -> 1 | L45: Vardhan | M45: Completed | N45: 46254 | Q45: Completed | U45: NA | Y45: Completed | AC45: Completed | AG45: NA | AK45: NA | AN45: No | AR45: =IF(AN45<>"Yes","",IF(AO45="","SELECT RE-ENTRY STAGE","MOVE TO ACTIVE at "&AO45)) | AS45: =IF(AN45="Yes",COUNTIF($AN$6:AN45,"Yes"),"") | AU45: =IF(OR(F45="Completed",F45="Cancelled"),"",IF(AND(OR(F45="On Hold",ISNUMBER(H45)),AT45=""),"Reason not given","")) | AV45: Delivered
A46: 41 | B46: Voila Tech | C46: Swan Board | D46: V Rajesh | E46: =IF(NOT(OR(M46="Completed",M46="NA",M46="Cancelled")),"S1 Schematic",IF(NOT(OR(Q46="Completed",Q46="NA",Q46="Cancelled")),"S2 PCB Layout",IF(NOT(OR(U46="Completed",U46="NA",U46="Cancelled")),"S3 SI & PI",IF(NOT(OR(Y46="Completed",Y46="NA",Y46="Cancelled")),"S4 Bare-PCB Fab",IF(NOT(OR(AC46="Completed",AC46="NA",AC46="Cancelled")),"S5 Assembly",IF(NOT(OR(AG46="Completed",AG46="NA",AG46="Cancelled")),"S6 Bring-up",IF(NOT(OR(AK46="Completed",AK46="NA",AK46="Cancelled")),"S7 BOM Procurement","All Stages Closed"))))))) -> All Stages Closed | F46: =IF(COUNTIF(M46,"Cancelled")+COUNTIF(Q46,"Cancelled")+COUNTIF(U46,"Cancelled")+COUNTIF(Y46,"Cancelled")+COUNTIF(AC46,"Cancelled")+COUNTIF(AG46,"Cancelled")+COUNTIF(AK46,"Cancelled")>0,"Cancelled",IF(E46="All Stages Closed","Completed",IF(E46="S1 Schematic",M46,IF(E46="S2 PCB Layout",Q46,IF(E46="S3 SI & PI",U46,IF(E46="S4 Bare-PCB Fab",Y46,IF(E46="S5 Assembly",AC46,IF(E46="S6 Bring-up",AG46,AK46)))))))) -> Completed | G46: =IF(E46="All Stages Closed","",IF(E46="S1 Schematic",IF(N46="","Not added",N46),IF(E46="S2 PCB Layout",IF(R46="","Not added",R46),IF(E46="S3 SI & PI",IF(V46="","Not added",V46),IF(E46="S4 Bare-PCB Fab",IF(Z46="","Not added",Z46),IF(E46="S5 Assembly",IF(AD46="","Not added",AD46),IF(E46="S6 Bring-up",IF(AH46="","Not added",AH46),IF(AL46="","Not added",AL46)))))))) | H46: =IF(OR(F46="Completed",F46="Cancelled"),"",IF(NOT(ISNUMBER(G46)),"Date not added",IF(TODAY()>G46,TODAY()-G46,G46-TODAY()&" days left"))) | I46: =COUNTIF(M46,"Completed")+COUNTIF(Q46,"Completed")+COUNTIF(U46,"Completed")+COUNTIF(Y46,"Completed")+COUNTIF(AC46,"Completed")+COUNTIF(AG46,"Completed")+COUNTIF(AK46,"Completed") -> 4 | J46: =7-(COUNTIF(M46,"NA")+COUNTIF(Q46,"NA")+COUNTIF(U46,"NA")+COUNTIF(Y46,"NA")+COUNTIF(AC46,"NA")+COUNTIF(AG46,"NA")+COUNTIF(AK46,"NA")) -> 4 | K46: =IFERROR(I46/J46,"") -> 1 | L46: Vardhan | M46: Completed | N46: 46254 | P46: Keerthi | Q46: Completed | R46: 46219 | U46: NA | X46: Pcb Power | Y46: Completed | Z46: 46233 | AC46: Completed | AG46: NA | AK46: NA | AN46: No | AR46: =IF(AN46<>"Yes","",IF(AO46="","SELECT RE-ENTRY STAGE","MOVE TO ACTIVE at "&AO46)) | AS46: =IF(AN46="Yes",COUNTIF($AN$6:AN46,"Yes"),"") | AU46: =IF(OR(F46="Completed",F46="Cancelled"),"",IF(AND(OR(F46="On Hold",ISNUMBER(H46)),AT46=""),"Reason not given","")) | AV46: Project completed
A47: 42 | B47: Voila Tech | C47: Swift Board | D47: V Rajesh | E47: =IF(NOT(OR(M47="Completed",M47="NA",M47="Cancelled")),"S1 Schematic",IF(NOT(OR(Q47="Completed",Q47="NA",Q47="Cancelled")),"S2 PCB Layout",IF(NOT(OR(U47="Completed",U47="NA",U47="Cancelled")),"S3 SI & PI",IF(NOT(OR(Y47="Completed",Y47="NA",Y47="Cancelled")),"S4 Bare-PCB Fab",IF(NOT(OR(AC47="Completed",AC47="NA",AC47="Cancelled")),"S5 Assembly",IF(NOT(OR(AG47="Completed",AG47="NA",AG47="Cancelled")),"S6 Bring-up",IF(NOT(OR(AK47="Completed",AK47="NA",AK47="Cancelled")),"S7 BOM Procurement","All Stages Closed"))))))) -> All Stages Closed | F47: =IF(COUNTIF(M47,"Cancelled")+COUNTIF(Q47,"Cancelled")+COUNTIF(U47,"Cancelled")+COUNTIF(Y47,"Cancelled")+COUNTIF(AC47,"Cancelled")+COUNTIF(AG47,"Cancelled")+COUNTIF(AK47,"Cancelled")>0,"Cancelled",IF(E47="All Stages Closed","Completed",IF(E47="S1 Schematic",M47,IF(E47="S2 PCB Layout",Q47,IF(E47="S3 SI & PI",U47,IF(E47="S4 Bare-PCB Fab",Y47,IF(E47="S5 Assembly",AC47,IF(E47="S6 Bring-up",AG47,AK47)))))))) -> Completed | G47: =IF(E47="All Stages Closed","",IF(E47="S1 Schematic",IF(N47="","Not added",N47),IF(E47="S2 PCB Layout",IF(R47="","Not added",R47),IF(E47="S3 SI & PI",IF(V47="","Not added",V47),IF(E47="S4 Bare-PCB Fab",IF(Z47="","Not added",Z47),IF(E47="S5 Assembly",IF(AD47="","Not added",AD47),IF(E47="S6 Bring-up",IF(AH47="","Not added",AH47),IF(AL47="","Not added",AL47)))))))) | H47: =IF(OR(F47="Completed",F47="Cancelled"),"",IF(NOT(ISNUMBER(G47)),"Date not added",IF(TODAY()>G47,TODAY()-G47,G47-TODAY()&" days left"))) | I47: =COUNTIF(M47,"Completed")+COUNTIF(Q47,"Completed")+COUNTIF(U47,"Completed")+COUNTIF(Y47,"Completed")+COUNTIF(AC47,"Completed")+COUNTIF(AG47,"Completed")+COUNTIF(AK47,"Completed") -> 4 | J47: =7-(COUNTIF(M47,"NA")+COUNTIF(Q47,"NA")+COUNTIF(U47,"NA")+COUNTIF(Y47,"NA")+COUNTIF(AC47,"NA")+COUNTIF(AG47,"NA")+COUNTIF(AK47,"NA")) -> 4 | K47: =IFERROR(I47/J47,"") -> 1 | L47: Vardhan | M47: Completed | N47: 46254 | P47: Naveen | Q47: Completed | R47: 46218 | U47: NA | Y47: Completed | AC47: Completed | AG47: NA | AK47: NA | AN47: No | AR47: =IF(AN47<>"Yes","",IF(AO47="","SELECT RE-ENTRY STAGE","MOVE TO ACTIVE at "&AO47)) | AS47: =IF(AN47="Yes",COUNTIF($AN$6:AN47,"Yes"),"") | AU47: =IF(OR(F47="Completed",F47="Cancelled"),"",IF(AND(OR(F47="On Hold",ISNUMBER(H47)),AT47=""),"Reason not given","")) | AV47: Project completed

Sheet ACTIVE
A1: ACTIVE / PENDING BOARDS
A4: RESPIN QUEUE | H4: =COUNTIF(COMPLETED!$AN$6:$AN$247,"Yes")&" board(s) flagged for respin" -> 1 board(s) flagged for respin
A5: # | B5: Customer | C5: Board | D5: Re-entry Stage | E5: Respin Reason | F5: Raised On | G5: Pull in and start at
A6: 1 | B6: =IFERROR(INDEX(COMPLETED!$B$6:$B$247,MATCH(1,COMPLETED!$AS$6:$AS$247,0))&"","") -> Not set | C6: =IFERROR(INDEX(COMPLETED!$C$6:$C$247,MATCH(1,COMPLETED!$AS$6:$AS$247,0))&"","") -> USB_Radio-Card | D6: =IFERROR(INDEX(COMPLETED!$AO$6:$AO$247,MATCH(1,COMPLETED!$AS$6:$AS$247,0))&"","") | E6: =IFERROR(INDEX(COMPLETED!$AP$6:$AP$247,MATCH(1,COMPLETED!$AS$6:$AS$247,0))&"","") | F6: =IFERROR(INDEX(COMPLETED!$AQ$6:$AQ$247,MATCH(1,COMPLETED!$AS$6:$AS$247,0))&"","") | G6: =IF(C6="","",IF(D6="","Re-entry stage not set","start at "&D6)) -> Re-entry stage not set
A7: 2 | B7: =IFERROR(INDEX(COMPLETED!$B$6:$B$247,MATCH(2,COMPLETED!$AS$6:$AS$247,0))&"","") | C7: =IFERROR(INDEX(COMPLETED!$C$6:$C$247,MATCH(2,COMPLETED!$AS$6:$AS$247,0))&"","") | D7: =IFERROR(INDEX(COMPLETED!$AO$6:$AO$247,MATCH(2,COMPLETED!$AS$6:$AS$247,0))&"","") | E7: =IFERROR(INDEX(COMPLETED!$AP$6:$AP$247,MATCH(2,COMPLETED!$AS$6:$AS$247,0))&"","") | F7: =IFERROR(INDEX(COMPLETED!$AQ$6:$AQ$247,MATCH(2,COMPLETED!$AS$6:$AS$247,0))&"","") | G7: =IF(C7="","",IF(D7="","Re-entry stage not set","start at "&D7))
A8: 3 | B8: =IFERROR(INDEX(COMPLETED!$B$6:$B$247,MATCH(3,COMPLETED!$AS$6:$AS$247,0))&"","") | C8: =IFERROR(INDEX(COMPLETED!$C$6:$C$247,MATCH(3,COMPLETED!$AS$6:$AS$247,0))&"","") | D8: =IFERROR(INDEX(COMPLETED!$AO$6:$AO$247,MATCH(3,COMPLETED!$AS$6:$AS$247,0))&"","") | E8: =IFERROR(INDEX(COMPLETED!$AP$6:$AP$247,MATCH(3,COMPLETED!$AS$6:$AS$247,0))&"","") | F8: =IFERROR(INDEX(COMPLETED!$AQ$6:$AQ$247,MATCH(3,COMPLETED!$AS$6:$AS$247,0))&"","") | G8: =IF(C8="","",IF(D8="","Re-entry stage not set","start at "&D8))
A9: 4 | B9: =IFERROR(INDEX(COMPLETED!$B$6:$B$247,MATCH(4,COMPLETED!$AS$6:$AS$247,0))&"","") | C9: =IFERROR(INDEX(COMPLETED!$C$6:$C$247,MATCH(4,COMPLETED!$AS$6:$AS$247,0))&"","") | D9: =IFERROR(INDEX(COMPLETED!$AO$6:$AO$247,MATCH(4,COMPLETED!$AS$6:$AS$247,0))&"","") | E9: =IFERROR(INDEX(COMPLETED!$AP$6:$AP$247,MATCH(4,COMPLETED!$AS$6:$AS$247,0))&"","") | F9: =IFERROR(INDEX(COMPLETED!$AQ$6:$AQ$247,MATCH(4,COMPLETED!$AS$6:$AS$247,0))&"","") | G9: =IF(C9="","",IF(D9="","Re-entry stage not set","start at "&D9))
A10: 5 | B10: =IFERROR(INDEX(COMPLETED!$B$6:$B$247,MATCH(5,COMPLETED!$AS$6:$AS$247,0))&"","") | C10: =IFERROR(INDEX(COMPLETED!$C$6:$C$247,MATCH(5,COMPLETED!$AS$6:$AS$247,0))&"","") | D10: =IFERROR(INDEX(COMPLETED!$AO$6:$AO$247,MATCH(5,COMPLETED!$AS$6:$AS$247,0))&"","") | E10: =IFERROR(INDEX(COMPLETED!$AP$6:$AP$247,MATCH(5,COMPLETED!$AS$6:$AS$247,0))&"","") | F10: =IFERROR(INDEX(COMPLETED!$AQ$6:$AQ$247,MATCH(5,COMPLETED!$AS$6:$AS$247,0))&"","") | G10: =IF(C10="","",IF(D10="","Re-entry stage not set","start at "&D10))
A11: 6 | B11: =IFERROR(INDEX(COMPLETED!$B$6:$B$247,MATCH(6,COMPLETED!$AS$6:$AS$247,0))&"","") | C11: =IFERROR(INDEX(COMPLETED!$C$6:$C$247,MATCH(6,COMPLETED!$AS$6:$AS$247,0))&"","") | D11: =IFERROR(INDEX(COMPLETED!$AO$6:$AO$247,MATCH(6,COMPLETED!$AS$6:$AS$247,0))&"","") | E11: =IFERROR(INDEX(COMPLETED!$AP$6:$AP$247,MATCH(6,COMPLETED!$AS$6:$AS$247,0))&"","") | F11: =IFERROR(INDEX(COMPLETED!$AQ$6:$AQ$247,MATCH(6,COMPLETED!$AS$6:$AS$247,0))&"","") | G11: =IF(C11="","",IF(D11="","Re-entry stage not set","start at "&D11))
A12: 7 | B12: =IFERROR(INDEX(COMPLETED!$B$6:$B$247,MATCH(7,COMPLETED!$AS$6:$AS$247,0))&"","") | C12: =IFERROR(INDEX(COMPLETED!$C$6:$C$247,MATCH(7,COMPLETED!$AS$6:$AS$247,0))&"","") | D12: =IFERROR(INDEX(COMPLETED!$AO$6:$AO$247,MATCH(7,COMPLETED!$AS$6:$AS$247,0))&"","") | E12: =IFERROR(INDEX(COMPLETED!$AP$6:$AP$247,MATCH(7,COMPLETED!$AS$6:$AS$247,0))&"","") | F12: =IFERROR(INDEX(COMPLETED!$AQ$6:$AQ$247,MATCH(7,COMPLETED!$AS$6:$AS$247,0))&"","") | G12: =IF(C12="","",IF(D12="","Re-entry stage not set","start at "&D12))
A13: 8 | B13: =IFERROR(INDEX(COMPLETED!$B$6:$B$247,MATCH(8,COMPLETED!$AS$6:$AS$247,0))&"","") | C13: =IFERROR(INDEX(COMPLETED!$C$6:$C$247,MATCH(8,COMPLETED!$AS$6:$AS$247,0))&"","") | D13: =IFERROR(INDEX(COMPLETED!$AO$6:$AO$247,MATCH(8,COMPLETED!$AS$6:$AS$247,0))&"","") | E13: =IFERROR(INDEX(COMPLETED!$AP$6:$AP$247,MATCH(8,COMPLETED!$AS$6:$AS$247,0))&"","") | F13: =IFERROR(INDEX(COMPLETED!$AQ$6:$AQ$247,MATCH(8,COMPLETED!$AS$6:$AS$247,0))&"","") | G13: =IF(C13="","",IF(D13="","Re-entry stage not set","start at "&D13))
A15: PROJECT | E15: PROCESS ROLL-UP | L15: S1 SCHEMATIC | P15: S2 PCB LAYOUT | T15: S3 SI & PI | X15: S4 BARE-PCB FAB | AB15: S5 ASSEMBLY | AF15: S6 BRING-UP | AJ15: S7 BOM PROCUREMENT | AN15: RESPIN ORIGIN | AR15: FOLLOW-UP
A16: S.No | B16: Customer | C16: Project / Board | D16: Project Manager | E16: Current Stage | F16: Overall Status | G16: EDC (current stage) | H16: Delay (days) | I16: Stages Done | J16: Stages In Scope | K16: % Through Process | L16: Owner | M16: Status | N16: EDC | O16: EDA | P16: Owner | Q16: Status | R16: EDC | S16: EDA | T16: Owner | U16: Status | V16: EDC | W16: EDA | X16: Fabricator | Y16: Status | Z16: EDC | AA16: EDA | AB16: Owner | AC16: Status | AD16: EDC | AE16: EDA | AF16: Owner | AG16: Status | AH16: EDC | AI16: EDA | AJ16: Owner | AK16: Status | AL16: EDC | AM16: EDA | AN16: Rev / Respin No. | AO16: Re-entered At | AP16: Respin Reason | AQ16: Raised On | AR16: Hold / delay reason | AS16: Reason check | AT16: Latest Comment | AU16: Notes / Data Check
A17: 1 | B17: Aerx Labs | C17: Belly Camera | D17: Prithvi | E17: =IF(NOT(OR(M17="Completed",M17="NA",M17="Cancelled")),"S1 Schematic",IF(NOT(OR(Q17="Completed",Q17="NA",Q17="Cancelled")),"S2 PCB Layout",IF(NOT(OR(U17="Completed",U17="NA",U17="Cancelled")),"S3 SI & PI",IF(NOT(OR(Y17="Completed",Y17="NA",Y17="Cancelled")),"S4 Bare-PCB Fab",IF(NOT(OR(AC17="Completed",AC17="NA",AC17="Cancelled")),"S5 Assembly",IF(NOT(OR(AG17="Completed",AG17="NA",AG17="Cancelled")),"S6 Bring-up",IF(NOT(OR(AK17="Completed",AK17="NA",AK17="Cancelled")),"S7 BOM Procurement","All Stages Closed"))))))) -> S1 Schematic | F17: =IF(COUNTIF(M17,"Cancelled")+COUNTIF(Q17,"Cancelled")+COUNTIF(U17,"Cancelled")+COUNTIF(Y17,"Cancelled")+COUNTIF(AC17,"Cancelled")+COUNTIF(AG17,"Cancelled")+COUNTIF(AK17,"Cancelled")>0,"Cancelled",IF(E17="All Stages Closed","Completed",IF(E17="S1 Schematic",M17,IF(E17="S2 PCB Layout",Q17,IF(E17="S3 SI & PI",U17,IF(E17="S4 Bare-PCB Fab",Y17,IF(E17="S5 Assembly",AC17,IF(E17="S6 Bring-up",AG17,AK17)))))))) -> In Progress | G17: =IF(E17="All Stages Closed","",IF(E17="S1 Schematic",IF(N17="","Not added",N17),IF(E17="S2 PCB Layout",IF(R17="","Not added",R17),IF(E17="S3 SI & PI",IF(V17="","Not added",V17),IF(E17="S4 Bare-PCB Fab",IF(Z17="","Not added",Z17),IF(E17="S5 Assembly",IF(AD17="","Not added",AD17),IF(E17="S6 Bring-up",IF(AH17="","Not added",AH17),IF(AL17="","Not added",AL17)))))))) -> 46273 | H17: =IF(OR(F17="Completed",F17="Cancelled"),"",IF(NOT(ISNUMBER(G17)),"Date not added",IF(TODAY()>G17,TODAY()-G17,G17-TODAY()&" days left"))) -> 5 days left | I17: =COUNTIF(M17,"Completed")+COUNTIF(Q17,"Completed")+COUNTIF(U17,"Completed")+COUNTIF(Y17,"Completed")+COUNTIF(AC17,"Completed")+COUNTIF(AG17,"Completed")+COUNTIF(AK17,"Completed") -> 0 | J17: =7-(COUNTIF(M17,"NA")+COUNTIF(Q17,"NA")+COUNTIF(U17,"NA")+COUNTIF(Y17,"NA")+COUNTIF(AC17,"NA")+COUNTIF(AG17,"NA")+COUNTIF(AK17,"NA")) -> 5 | K17: =IFERROR(I17/J17,"") -> 0 | L17: Samudra | M17: In Progress | N17: 46273 | P17: Srinivas | Q17: Not Started | U17: Not Started | Y17: Not Started | AC17: Not Started | AG17: NA | AK17: NA | AS17: =IF(OR(F17="Completed",F17="Cancelled"),"",IF(AND(OR(F17="On Hold",ISNUMBER(H17)),AR17=""),"Reason not given","")) | AT17: Schematic in progress
A18: 2 | B18: Aerx Labs | C18: PVC_CC_V2 / PVCC_V2 | D18: Rajesh | E18: =IF(NOT(OR(M18="Completed",M18="NA",M18="Cancelled")),"S1 Schematic",IF(NOT(OR(Q18="Completed",Q18="NA",Q18="Cancelled")),"S2 PCB Layout",IF(NOT(OR(U18="Completed",U18="NA",U18="Cancelled")),"S3 SI & PI",IF(NOT(OR(Y18="Completed",Y18="NA",Y18="Cancelled")),"S4 Bare-PCB Fab",IF(NOT(OR(AC18="Completed",AC18="NA",AC18="Cancelled")),"S5 Assembly",IF(NOT(OR(AG18="Completed",AG18="NA",AG18="Cancelled")),"S6 Bring-up",IF(NOT(OR(AK18="Completed",AK18="NA",AK18="Cancelled")),"S7 BOM Procurement","All Stages Closed"))))))) -> S3 SI & PI | F18: =IF(COUNTIF(M18,"Cancelled")+COUNTIF(Q18,"Cancelled")+COUNTIF(U18,"Cancelled")+COUNTIF(Y18,"Cancelled")+COUNTIF(AC18,"Cancelled")+COUNTIF(AG18,"Cancelled")+COUNTIF(AK18,"Cancelled")>0,"Cancelled",IF(E18="All Stages Closed","Completed",IF(E18="S1 Schematic",M18,IF(E18="S2 PCB Layout",Q18,IF(E18="S3 SI & PI",U18,IF(E18="S4 Bare-PCB Fab",Y18,IF(E18="S5 Assembly",AC18,IF(E18="S6 Bring-up",AG18,AK18)))))))) -> In Progress | G18: =IF(E18="All Stages Closed","",IF(E18="S1 Schematic",IF(N18="","Not added",N18),IF(E18="S2 PCB Layout",IF(R18="","Not added",R18),IF(E18="S3 SI & PI",IF(V18="","Not added",V18),IF(E18="S4 Bare-PCB Fab",IF(Z18="","Not added",Z18),IF(E18="S5 Assembly",IF(AD18="","Not added",AD18),IF(E18="S6 Bring-up",IF(AH18="","Not added",AH18),IF(AL18="","Not added",AL18)))))))) -> Not added | H18: =IF(OR(F18="Completed",F18="Cancelled"),"",IF(NOT(ISNUMBER(G18)),"Date not added",IF(TODAY()>G18,TODAY()-G18,G18-TODAY()&" days left"))) -> Date not added | I18: =COUNTIF(M18,"Completed")+COUNTIF(Q18,"Completed")+COUNTIF(U18,"Completed")+COUNTIF(Y18,"Completed")+COUNTIF(AC18,"Completed")+COUNTIF(AG18,"Completed")+COUNTIF(AK18,"Completed") -> 2 | J18: =7-(COUNTIF(M18,"NA")+COUNTIF(Q18,"NA")+COUNTIF(U18,"NA")+COUNTIF(Y18,"NA")+COUNTIF(AC18,"NA")+COUNTIF(AG18,"NA")+COUNTIF(AK18,"NA")) -> 3 | K18: =IFERROR(I18/J18,"") -> 0.66666667 | L18: Samudra | M18: Completed | P18: Sunil | Q18: Completed | R18: 46231 | T18: Vivek | U18: In Progress | Y18: NA | AC18: NA | AG18: NA | AK18: NA | AS18: =IF(OR(F18="Completed",F18="Cancelled"),"",IF(AND(OR(F18="On Hold",ISNUMBER(H18)),AR18=""),"Reason not given","")) | AT18: Received the updated file, completed the simulations shared the review. Crosstalk issues were still there; shared with the layout team for modifications | AU18: PCB "PVC_CC_V2" + SI&PI "PVCC_V2_Board" merged
A19: 3 | B19: FLC | C19: MKB_LITE_FHHL | D19: Rajesh | E19: =IF(NOT(OR(M19="Completed",M19="NA",M19="Cancelled")),"S1 Schematic",IF(NOT(OR(Q19="Completed",Q19="NA",Q19="Cancelled")),"S2 PCB Layout",IF(NOT(OR(U19="Completed",U19="NA",U19="Cancelled")),"S3 SI & PI",IF(NOT(OR(Y19="Completed",Y19="NA",Y19="Cancelled")),"S4 Bare-PCB Fab",IF(NOT(OR(AC19="Completed",AC19="NA",AC19="Cancelled")),"S5 Assembly",IF(NOT(OR(AG19="Completed",AG19="NA",AG19="Cancelled")),"S6 Bring-up",IF(NOT(OR(AK19="Completed",AK19="NA",AK19="Cancelled")),"S7 BOM Procurement","All Stages Closed"))))))) -> S3 SI & PI | F19: =IF(COUNTIF(M19,"Cancelled")+COUNTIF(Q19,"Cancelled")+COUNTIF(U19,"Cancelled")+COUNTIF(Y19,"Cancelled")+COUNTIF(AC19,"Cancelled")+COUNTIF(AG19,"Cancelled")+COUNTIF(AK19,"Cancelled")>0,"Cancelled",IF(E19="All Stages Closed","Completed",IF(E19="S1 Schematic",M19,IF(E19="S2 PCB Layout",Q19,IF(E19="S3 SI & PI",U19,IF(E19="S4 Bare-PCB Fab",Y19,IF(E19="S5 Assembly",AC19,IF(E19="S6 Bring-up",AG19,AK19)))))))) -> On Hold | G19: =IF(E19="All Stages Closed","",IF(E19="S1 Schematic",IF(N19="","Not added",N19),IF(E19="S2 PCB Layout",IF(R19="","Not added",R19),IF(E19="S3 SI & PI",IF(V19="","Not added",V19),IF(E19="S4 Bare-PCB Fab",IF(Z19="","Not added",Z19),IF(E19="S5 Assembly",IF(AD19="","Not added",AD19),IF(E19="S6 Bring-up",IF(AH19="","Not added",AH19),IF(AL19="","Not added",AL19)))))))) -> Not added | H19: =IF(OR(F19="Completed",F19="Cancelled"),"",IF(NOT(ISNUMBER(G19)),"Date not added",IF(TODAY()>G19,TODAY()-G19,G19-TODAY()&" days left"))) -> Date not added | I19: =COUNTIF(M19,"Completed")+COUNTIF(Q19,"Completed")+COUNTIF(U19,"Completed")+COUNTIF(Y19,"Completed")+COUNTIF(AC19,"Completed")+COUNTIF(AG19,"Completed")+COUNTIF(AK19,"Completed") -> 2 | J19: =7-(COUNTIF(M19,"NA")+COUNTIF(Q19,"NA")+COUNTIF(U19,"NA")+COUNTIF(Y19,"NA")+COUNTIF(AC19,"NA")+COUNTIF(AG19,"NA")+COUNTIF(AK19,"NA")) -> 5 | K19: =IFERROR(I19/J19,"") -> 0.4 | L19: Veeresh | M19: Completed | N19: 46157 | P19: Veeresh + Samudra | Q19: Completed | T19: Vivek | U19: On Hold | Y19: On Hold | AC19: On Hold | AG19: NA | AK19: NA | AS19: =IF(OR(F19="Completed",F19="Cancelled"),"",IF(AND(OR(F19="On Hold",ISNUMBER(H19)),AR19=""),"Reason not given","")) -> Reason not given | AT19: Performed the SI & PI for the DDR, PCIe_RC and DC_DROP and AC anlaysis. EP_PCIe Interface is pending due to crosstalk and return loss issues at the edge finger.
A20: 4 | B20: HAL | C20: CITAR Module Design | D20: Srinivas L | E20: =IF(NOT(OR(M20="Completed",M20="NA",M20="Cancelled")),"S1 Schematic",IF(NOT(OR(Q20="Completed",Q20="NA",Q20="Cancelled")),"S2 PCB Layout",IF(NOT(OR(U20="Completed",U20="NA",U20="Cancelled")),"S3 SI & PI",IF(NOT(OR(Y20="Completed",Y20="NA",Y20="Cancelled")),"S4 Bare-PCB Fab",IF(NOT(OR(AC20="Completed",AC20="NA",AC20="Cancelled")),"S5 Assembly",IF(NOT(OR(AG20="Completed",AG20="NA",AG20="Cancelled")),"S6 Bring-up",IF(NOT(OR(AK20="Completed",AK20="NA",AK20="Cancelled")),"S7 BOM Procurement","All Stages Closed"))))))) -> S1 Schematic | F20: =IF(COUNTIF(M20,"Cancelled")+COUNTIF(Q20,"Cancelled")+COUNTIF(U20,"Cancelled")+COUNTIF(Y20,"Cancelled")+COUNTIF(AC20,"Cancelled")+COUNTIF(AG20,"Cancelled")+COUNTIF(AK20,"Cancelled")>0,"Cancelled",IF(E20="All Stages Closed","Completed",IF(E20="S1 Schematic",M20,IF(E20="S2 PCB Layout",Q20,IF(E20="S3 SI & PI",U20,IF(E20="S4 Bare-PCB Fab",Y20,IF(E20="S5 Assembly",AC20,IF(E20="S6 Bring-up",AG20,AK20)))))))) -> Not Started | G20: =IF(E20="All Stages Closed","",IF(E20="S1 Schematic",IF(N20="","Not added",N20),IF(E20="S2 PCB Layout",IF(R20="","Not added",R20),IF(E20="S3 SI & PI",IF(V20="","Not added",V20),IF(E20="S4 Bare-PCB Fab",IF(Z20="","Not added",Z20),IF(E20="S5 Assembly",IF(AD20="","Not added",AD20),IF(E20="S6 Bring-up",IF(AH20="","Not added",AH20),IF(AL20="","Not added",AL20)))))))) -> Not added | H20: =IF(OR(F20="Completed",F20="Cancelled"),"",IF(NOT(ISNUMBER(G20)),"Date not added",IF(TODAY()>G20,TODAY()-G20,G20-TODAY()&" days left"))) -> Date not added | I20: =COUNTIF(M20,"Completed")+COUNTIF(Q20,"Completed")+COUNTIF(U20,"Completed")+COUNTIF(Y20,"Completed")+COUNTIF(AC20,"Completed")+COUNTIF(AG20,"Completed")+COUNTIF(AK20,"Completed") -> 0 | J20: =7-(COUNTIF(M20,"NA")+COUNTIF(Q20,"NA")+COUNTIF(U20,"NA")+COUNTIF(Y20,"NA")+COUNTIF(AC20,"NA")+COUNTIF(AG20,"NA")+COUNTIF(AK20,"NA")) -> 5 | K20: =IFERROR(I20/J20,"") -> 0 | M20: Not Started | P20: Ramesh | Q20: Not Started | R20: 46276 | U20: Not Started | Y20: Not Started | AC20: Not Started | AG20: NA | AK20: NA | AS20: =IF(OR(F20="Completed",F20="Cancelled"),"",IF(AND(OR(F20="On Hold",ISNUMBER(H20)),AR20=""),"Reason not given","")) | AT20: Schematic in progress
A21: 5 | B21: Internal | C21: NETRA_NT98566_CAMERA_MODULE | D21: Prithvi | E21: =IF(NOT(OR(M21="Completed",M21="NA",M21="Cancelled")),"S1 Schematic",IF(NOT(OR(Q21="Completed",Q21="NA",Q21="Cancelled")),"S2 PCB Layout",IF(NOT(OR(U21="Completed",U21="NA",U21="Cancelled")),"S3 SI & PI",IF(NOT(OR(Y21="Completed",Y21="NA",Y21="Cancelled")),"S4 Bare-PCB Fab",IF(NOT(OR(AC21="Completed",AC21="NA",AC21="Cancelled")),"S5 Assembly",IF(NOT(OR(AG21="Completed",AG21="NA",AG21="Cancelled")),"S6 Bring-up",IF(NOT(OR(AK21="Completed",AK21="NA",AK21="Cancelled")),"S7 BOM Procurement","All Stages Closed"))))))) -> S2 PCB Layout | F21: =IF(COUNTIF(M21,"Cancelled")+COUNTIF(Q21,"Cancelled")+COUNTIF(U21,"Cancelled")+COUNTIF(Y21,"Cancelled")+COUNTIF(AC21,"Cancelled")+COUNTIF(AG21,"Cancelled")+COUNTIF(AK21,"Cancelled")>0,"Cancelled",IF(E21="All Stages Closed","Completed",IF(E21="S1 Schematic",M21,IF(E21="S2 PCB Layout",Q21,IF(E21="S3 SI & PI",U21,IF(E21="S4 Bare-PCB Fab",Y21,IF(E21="S5 Assembly",AC21,IF(E21="S6 Bring-up",AG21,AK21)))))))) -> In Progress | G21: =IF(E21="All Stages Closed","",IF(E21="S1 Schematic",IF(N21="","Not added",N21),IF(E21="S2 PCB Layout",IF(R21="","Not added",R21),IF(E21="S3 SI & PI",IF(V21="","Not added",V21),IF(E21="S4 Bare-PCB Fab",IF(Z21="","Not added",Z21),IF(E21="S5 Assembly",IF(AD21="","Not added",AD21),IF(E21="S6 Bring-up",IF(AH21="","Not added",AH21),IF(AL21="","Not added",AL21)))))))) -> 46278 | H21: =IF(OR(F21="Completed",F21="Cancelled"),"",IF(NOT(ISNUMBER(G21)),"Date not added",IF(TODAY()>G21,TODAY()-G21,G21-TODAY()&" days left"))) -> 10 days left | I21: =COUNTIF(M21,"Completed")+COUNTIF(Q21,"Completed")+COUNTIF(U21,"Completed")+COUNTIF(Y21,"Completed")+COUNTIF(AC21,"Completed")+COUNTIF(AG21,"Completed")+COUNTIF(AK21,"Completed") -> 1 | J21: =7-(COUNTIF(M21,"NA")+COUNTIF(Q21,"NA")+COUNTIF(U21,"NA")+COUNTIF(Y21,"NA")+COUNTIF(AC21,"NA")+COUNTIF(AG21,"NA")+COUNTIF(AK21,"NA")) -> 5 | K21: =IFERROR(I21/J21,"") -> 0.2 | L21: Sandhya | M21: Completed | P21: Sunil | Q21: In Progress | R21: 46278 | U21: Not Started | Y21: Not Started | AC21: Not Started | AG21: NA | AK21: NA | AS21: =IF(OR(F21="Completed",F21="Cancelled"),"",IF(AND(OR(F21="On Hold",ISNUMBER(H21)),AR21=""),"Reason not given","")) | AT21: Component footprint verification in progress
A22: 6 | B22: Internal | C22: Netra_NXP_SOM_Board | D22: Prithvi | E22: =IF(NOT(OR(M22="Completed",M22="NA",M22="Cancelled")),"S1 Schematic",IF(NOT(OR(Q22="Completed",Q22="NA",Q22="Cancelled")),"S2 PCB Layout",IF(NOT(OR(U22="Completed",U22="NA",U22="Cancelled")),"S3 SI & PI",IF(NOT(OR(Y22="Completed",Y22="NA",Y22="Cancelled")),"S4 Bare-PCB Fab",IF(NOT(OR(AC22="Completed",AC22="NA",AC22="Cancelled")),"S5 Assembly",IF(NOT(OR(AG22="Completed",AG22="NA",AG22="Cancelled")),"S6 Bring-up",IF(NOT(OR(AK22="Completed",AK22="NA",AK22="Cancelled")),"S7 BOM Procurement","All Stages Closed"))))))) -> S3 SI & PI | F22: =IF(COUNTIF(M22,"Cancelled")+COUNTIF(Q22,"Cancelled")+COUNTIF(U22,"Cancelled")+COUNTIF(Y22,"Cancelled")+COUNTIF(AC22,"Cancelled")+COUNTIF(AG22,"Cancelled")+COUNTIF(AK22,"Cancelled")>0,"Cancelled",IF(E22="All Stages Closed","Completed",IF(E22="S1 Schematic",M22,IF(E22="S2 PCB Layout",Q22,IF(E22="S3 SI & PI",U22,IF(E22="S4 Bare-PCB Fab",Y22,IF(E22="S5 Assembly",AC22,IF(E22="S6 Bring-up",AG22,AK22)))))))) -> In Progress | G22: =IF(E22="All Stages Closed","",IF(E22="S1 Schematic",IF(N22="","Not added",N22),IF(E22="S2 PCB Layout",IF(R22="","Not added",R22),IF(E22="S3 SI & PI",IF(V22="","Not added",V22),IF(E22="S4 Bare-PCB Fab",IF(Z22="","Not added",Z22),IF(E22="S5 Assembly",IF(AD22="","Not added",AD22),IF(E22="S6 Bring-up",IF(AH22="","Not added",AH22),IF(AL22="","Not added",AL22)))))))) -> Not added | H22: =IF(OR(F22="Completed",F22="Cancelled"),"",IF(NOT(ISNUMBER(G22)),"Date not added",IF(TODAY()>G22,TODAY()-G22,G22-TODAY()&" days left"))) -> Date not added | I22: =COUNTIF(M22,"Completed")+COUNTIF(Q22,"Completed")+COUNTIF(U22,"Completed")+COUNTIF(Y22,"Completed")+COUNTIF(AC22,"Completed")+COUNTIF(AG22,"Completed")+COUNTIF(AK22,"Completed") -> 2 | J22: =7-(COUNTIF(M22,"NA")+COUNTIF(Q22,"NA")+COUNTIF(U22,"NA")+COUNTIF(Y22,"NA")+COUNTIF(AC22,"NA")+COUNTIF(AG22,"NA")+COUNTIF(AK22,"NA")) -> 5 | K22: =IFERROR(I22/J22,"") -> 0.4 | L22: Samudra + Sandhya | M22: Completed | N22: 46224 | P22: Srinivas | Q22: Completed | R22: 46273 | U22: In Progress | Y22: Not Started | AC22: Not Started | AG22: NA | AK22: NA | AS22: =IF(OR(F22="Completed",F22="Cancelled"),"",IF(AND(OR(F22="On Hold",ISNUMBER(H22)),AR22=""),"Reason not given","")) | AT22: Routing completed,Need the updated schematic as per the review modifications. | AU22: Schematic row = Compulab replacement variant. SI&PI "NXP_SOM" (ZMD) kept separate — confirm if same board
A23: 7 | B23: Internal | C23: Netra_POE_Plus(MP8008) | D23: Prithvi | E23: =IF(NOT(OR(M23="Completed",M23="NA",M23="Cancelled")),"S1 Schematic",IF(NOT(OR(Q23="Completed",Q23="NA",Q23="Cancelled")),"S2 PCB Layout",IF(NOT(OR(U23="Completed",U23="NA",U23="Cancelled")),"S3 SI & PI",IF(NOT(OR(Y23="Completed",Y23="NA",Y23="Cancelled")),"S4 Bare-PCB Fab",IF(NOT(OR(AC23="Completed",AC23="NA",AC23="Cancelled")),"S5 Assembly",IF(NOT(OR(AG23="Completed",AG23="NA",AG23="Cancelled")),"S6 Bring-up",IF(NOT(OR(AK23="Completed",AK23="NA",AK23="Cancelled")),"S7 BOM Procurement","All Stages Closed"))))))) -> S1 Schematic | F23: =IF(COUNTIF(M23,"Cancelled")+COUNTIF(Q23,"Cancelled")+COUNTIF(U23,"Cancelled")+COUNTIF(Y23,"Cancelled")+COUNTIF(AC23,"Cancelled")+COUNTIF(AG23,"Cancelled")+COUNTIF(AK23,"Cancelled")>0,"Cancelled",IF(E23="All Stages Closed","Completed",IF(E23="S1 Schematic",M23,IF(E23="S2 PCB Layout",Q23,IF(E23="S3 SI & PI",U23,IF(E23="S4 Bare-PCB Fab",Y23,IF(E23="S5 Assembly",AC23,IF(E23="S6 Bring-up",AG23,AK23)))))))) -> On Hold | G23: =IF(E23="All Stages Closed","",IF(E23="S1 Schematic",IF(N23="","Not added",N23),IF(E23="S2 PCB Layout",IF(R23="","Not added",R23),IF(E23="S3 SI & PI",IF(V23="","Not added",V23),IF(E23="S4 Bare-PCB Fab",IF(Z23="","Not added",Z23),IF(E23="S5 Assembly",IF(AD23="","Not added",AD23),IF(E23="S6 Bring-up",IF(AH23="","Not added",AH23),IF(AL23="","Not added",AL23)))))))) -> Not added | H23: =IF(OR(F23="Completed",F23="Cancelled"),"",IF(NOT(ISNUMBER(G23)),"Date not added",IF(TODAY()>G23,TODAY()-G23,G23-TODAY()&" days left"))) -> Date not added | I23: =COUNTIF(M23,"Completed")+COUNTIF(Q23,"Completed")+COUNTIF(U23,"Completed")+COUNTIF(Y23,"Completed")+COUNTIF(AC23,"Completed")+COUNTIF(AG23,"Completed")+COUNTIF(AK23,"Completed") -> 0 | J23: =7-(COUNTIF(M23,"NA")+COUNTIF(Q23,"NA")+COUNTIF(U23,"NA")+COUNTIF(Y23,"NA")+COUNTIF(AC23,"NA")+COUNTIF(AG23,"NA")+COUNTIF(AK23,"NA")) -> 4 | K23: =IFERROR(I23/J23,"") -> 0 | M23: On Hold | P23: Naveen | Q23: On Hold | R23: 46253 | U23: On Hold | Y23: On Hold | AC23: NA | AG23: NA | AK23: NA | AS23: =IF(OR(F23="Completed",F23="Cancelled"),"",IF(AND(OR(F23="On Hold",ISNUMBER(H23)),AR23=""),"Reason not given","")) -> Reason not given | AT23: ZYNQ Module for RF Camera prioritized | AU23: Blank on upload, set to NA: S6 Assembly. Confirm NA vs Not Started.
A24: 8 | B24: Internal | C24: Netra_RZ/V2N_SOM (Renesas) | D24: Prithvi | E24: =IF(NOT(OR(M24="Completed",M24="NA",M24="Cancelled")),"S1 Schematic",IF(NOT(OR(Q24="Completed",Q24="NA",Q24="Cancelled")),"S2 PCB Layout",IF(NOT(OR(U24="Completed",U24="NA",U24="Cancelled")),"S3 SI & PI",IF(NOT(OR(Y24="Completed",Y24="NA",Y24="Cancelled")),"S4 Bare-PCB Fab",IF(NOT(OR(AC24="Completed",AC24="NA",AC24="Cancelled")),"S5 Assembly",IF(NOT(OR(AG24="Completed",AG24="NA",AG24="Cancelled")),"S6 Bring-up",IF(NOT(OR(AK24="Completed",AK24="NA",AK24="Cancelled")),"S7 BOM Procurement","All Stages Closed"))))))) -> S2 PCB Layout | F24: =IF(COUNTIF(M24,"Cancelled")+COUNTIF(Q24,"Cancelled")+COUNTIF(U24,"Cancelled")+COUNTIF(Y24,"Cancelled")+COUNTIF(AC24,"Cancelled")+COUNTIF(AG24,"Cancelled")+COUNTIF(AK24,"Cancelled")>0,"Cancelled",IF(E24="All Stages Closed","Completed",IF(E24="S1 Schematic",M24,IF(E24="S2 PCB Layout",Q24,IF(E24="S3 SI & PI",U24,IF(E24="S4 Bare-PCB Fab",Y24,IF(E24="S5 Assembly",AC24,IF(E24="S6 Bring-up",AG24,AK24)))))))) -> In Progress | G24: =IF(E24="All Stages Closed","",IF(E24="S1 Schematic",IF(N24="","Not added",N24),IF(E24="S2 PCB Layout",IF(R24="","Not added",R24),IF(E24="S3 SI & PI",IF(V24="","Not added",V24),IF(E24="S4 Bare-PCB Fab",IF(Z24="","Not added",Z24),IF(E24="S5 Assembly",IF(AD24="","Not added",AD24),IF(E24="S6 Bring-up",IF(AH24="","Not added",AH24),IF(AL24="","Not added",AL24)))))))) -> 46290 | H24: =IF(OR(F24="Completed",F24="Cancelled"),"",IF(NOT(ISNUMBER(G24)),"Date not added",IF(TODAY()>G24,TODAY()-G24,G24-TODAY()&" days left"))) -> 22 days left | I24: =COUNTIF(M24,"Completed")+COUNTIF(Q24,"Completed")+COUNTIF(U24,"Completed")+COUNTIF(Y24,"Completed")+COUNTIF(AC24,"Completed")+COUNTIF(AG24,"Completed")+COUNTIF(AK24,"Completed") -> 1 | J24: =7-(COUNTIF(M24,"NA")+COUNTIF(Q24,"NA")+COUNTIF(U24,"NA")+COUNTIF(Y24,"NA")+COUNTIF(AC24,"NA")+COUNTIF(AG24,"NA")+COUNTIF(AK24,"NA")) -> 5 | K24: =IFERROR(I24/J24,"") -> 0.2 | L24: Veeresh + Samudra | M24: Completed | N24: 46269 | P24: Srinivas | Q24: In Progress | R24: 46290 | U24: Not Started | Y24: Not Started | AC24: Not Started | AG24: NA | AK24: NA | AS24: =IF(OR(F24="Completed",F24="Cancelled"),"",IF(AND(OR(F24="On Hold",ISNUMBER(H24)),AR24=""),"Reason not given","")) | AT24: Placement is in progress. The component sizes need to be changed in the schematic. I have informed Veeresh and am waiting for the updated schematic. | AU24: Schematic "Renesas RZ/V2N SOM Board" merged
A25: 9 | B25: Internal | C25: RFSoC SOM | D25: Rajesh | E25: =IF(NOT(OR(M25="Completed",M25="NA",M25="Cancelled")),"S1 Schematic",IF(NOT(OR(Q25="Completed",Q25="NA",Q25="Cancelled")),"S2 PCB Layout",IF(NOT(OR(U25="Completed",U25="NA",U25="Cancelled")),"S3 SI & PI",IF(NOT(OR(Y25="Completed",Y25="NA",Y25="Cancelled")),"S4 Bare-PCB Fab",IF(NOT(OR(AC25="Completed",AC25="NA",AC25="Cancelled")),"S5 Assembly",IF(NOT(OR(AG25="Completed",AG25="NA",AG25="Cancelled")),"S6 Bring-up",IF(NOT(OR(AK25="Completed",AK25="NA",AK25="Cancelled")),"S7 BOM Procurement","All Stages Closed"))))))) -> S1 Schematic | F25: =IF(COUNTIF(M25,"Cancelled")+COUNTIF(Q25,"Cancelled")+COUNTIF(U25,"Cancelled")+COUNTIF(Y25,"Cancelled")+COUNTIF(AC25,"Cancelled")+COUNTIF(AG25,"Cancelled")+COUNTIF(AK25,"Cancelled")>0,"Cancelled",IF(E25="All Stages Closed","Completed",IF(E25="S1 Schematic",M25,IF(E25="S2 PCB Layout",Q25,IF(E25="S3 SI & PI",U25,IF(E25="S4 Bare-PCB Fab",Y25,IF(E25="S5 Assembly",AC25,IF(E25="S6 Bring-up",AG25,AK25)))))))) -> On Hold | G25: =IF(E25="All Stages Closed","",IF(E25="S1 Schematic",IF(N25="","Not added",N25),IF(E25="S2 PCB Layout",IF(R25="","Not added",R25),IF(E25="S3 SI & PI",IF(V25="","Not added",V25),IF(E25="S4 Bare-PCB Fab",IF(Z25="","Not added",Z25),IF(E25="S5 Assembly",IF(AD25="","Not added",AD25),IF(E25="S6 Bring-up",IF(AH25="","Not added",AH25),IF(AL25="","Not added",AL25)))))))) -> Not added | H25: =IF(OR(F25="Completed",F25="Cancelled"),"",IF(NOT(ISNUMBER(G25)),"Date not added",IF(TODAY()>G25,TODAY()-G25,G25-TODAY()&" days left"))) -> Date not added | I25: =COUNTIF(M25,"Completed")+COUNTIF(Q25,"Completed")+COUNTIF(U25,"Completed")+COUNTIF(Y25,"Completed")+COUNTIF(AC25,"Completed")+COUNTIF(AG25,"Completed")+COUNTIF(AK25,"Completed") -> 0 | J25: =7-(COUNTIF(M25,"NA")+COUNTIF(Q25,"NA")+COUNTIF(U25,"NA")+COUNTIF(Y25,"NA")+COUNTIF(AC25,"NA")+COUNTIF(AG25,"NA")+COUNTIF(AK25,"NA")) -> 4 | K25: =IFERROR(I25/J25,"") -> 0 | M25: On Hold | Q25: On Hold | U25: On Hold | Y25: On Hold | AC25: NA | AG25: NA | AK25: NA | AS25: =IF(OR(F25="Completed",F25="Cancelled"),"",IF(AND(OR(F25="On Hold",ISNUMBER(H25)),AR25=""),"Reason not given","")) -> Reason not given
A26: 10 | B26: Qernel.AI | C26: Waimea Validation Board | D26: Kranthi | E26: =IF(NOT(OR(M26="Completed",M26="NA",M26="Cancelled")),"S1 Schematic",IF(NOT(OR(Q26="Completed",Q26="NA",Q26="Cancelled")),"S2 PCB Layout",IF(NOT(OR(U26="Completed",U26="NA",U26="Cancelled")),"S3 SI & PI",IF(NOT(OR(Y26="Completed",Y26="NA",Y26="Cancelled")),"S4 Bare-PCB Fab",IF(NOT(OR(AC26="Completed",AC26="NA",AC26="Cancelled")),"S5 Assembly",IF(NOT(OR(AG26="Completed",AG26="NA",AG26="Cancelled")),"S6 Bring-up",IF(NOT(OR(AK26="Completed",AK26="NA",AK26="Cancelled")),"S7 BOM Procurement","All Stages Closed"))))))) -> S1 Schematic | F26: =IF(COUNTIF(M26,"Cancelled")+COUNTIF(Q26,"Cancelled")+COUNTIF(U26,"Cancelled")+COUNTIF(Y26,"Cancelled")+COUNTIF(AC26,"Cancelled")+COUNTIF(AG26,"Cancelled")+COUNTIF(AK26,"Cancelled")>0,"Cancelled",IF(E26="All Stages Closed","Completed",IF(E26="S1 Schematic",M26,IF(E26="S2 PCB Layout",Q26,IF(E26="S3 SI & PI",U26,IF(E26="S4 Bare-PCB Fab",Y26,IF(E26="S5 Assembly",AC26,IF(E26="S6 Bring-up",AG26,AK26)))))))) -> Not Started | G26: =IF(E26="All Stages Closed","",IF(E26="S1 Schematic",IF(N26="","Not added",N26),IF(E26="S2 PCB Layout",IF(R26="","Not added",R26),IF(E26="S3 SI & PI",IF(V26="","Not added",V26),IF(E26="S4 Bare-PCB Fab",IF(Z26="","Not added",Z26),IF(E26="S5 Assembly",IF(AD26="","Not added",AD26),IF(E26="S6 Bring-up",IF(AH26="","Not added",AH26),IF(AL26="","Not added",AL26)))))))) -> Not added | H26: =IF(OR(F26="Completed",F26="Cancelled"),"",IF(NOT(ISNUMBER(G26)),"Date not added",IF(TODAY()>G26,TODAY()-G26,G26-TODAY()&" days left"))) -> Date not added | I26: =COUNTIF(M26,"Completed")+COUNTIF(Q26,"Completed")+COUNTIF(U26,"Completed")+COUNTIF(Y26,"Completed")+COUNTIF(AC26,"Completed")+COUNTIF(AG26,"Completed")+COUNTIF(AK26,"Completed") -> 0 | J26: =7-(COUNTIF(M26,"NA")+COUNTIF(Q26,"NA")+COUNTIF(U26,"NA")+COUNTIF(Y26,"NA")+COUNTIF(AC26,"NA")+COUNTIF(AG26,"NA")+COUNTIF(AK26,"NA")) -> 5 | K26: =IFERROR(I26/J26,"") -> 0 | M26: Not Started | P26: Srinivas | Q26: Not Started | U26: Not Started | Y26: Not Started | AC26: Not Started | AG26: NA | AK26: NA | AS26: =IF(OR(F26="Completed",F26="Cancelled"),"",IF(AND(OR(F26="On Hold",ISNUMBER(H26)),AR26=""),"Reason not given","")) | AT26: SoW in progress. Waiting for the inputs from customer
A27: 11 | B27: RCI | C27: HRG_Processor_Test_Jig | D27: Srinivas L | E27: =IF(NOT(OR(M27="Completed",M27="NA",M27="Cancelled")),"S1 Schematic",IF(NOT(OR(Q27="Completed",Q27="NA",Q27="Cancelled")),"S2 PCB Layout",IF(NOT(OR(U27="Completed",U27="NA",U27="Cancelled")),"S3 SI & PI",IF(NOT(OR(Y27="Completed",Y27="NA",Y27="Cancelled")),"S4 Bare-PCB Fab",IF(NOT(OR(AC27="Completed",AC27="NA",AC27="Cancelled")),"S5 Assembly",IF(NOT(OR(AG27="Completed",AG27="NA",AG27="Cancelled")),"S6 Bring-up",IF(NOT(OR(AK27="Completed",AK27="NA",AK27="Cancelled")),"S7 BOM Procurement","All Stages Closed"))))))) -> S1 Schematic | F27: =IF(COUNTIF(M27,"Cancelled")+COUNTIF(Q27,"Cancelled")+COUNTIF(U27,"Cancelled")+COUNTIF(Y27,"Cancelled")+COUNTIF(AC27,"Cancelled")+COUNTIF(AG27,"Cancelled")+COUNTIF(AK27,"Cancelled")>0,"Cancelled",IF(E27="All Stages Closed","Completed",IF(E27="S1 Schematic",M27,IF(E27="S2 PCB Layout",Q27,IF(E27="S3 SI & PI",U27,IF(E27="S4 Bare-PCB Fab",Y27,IF(E27="S5 Assembly",AC27,IF(E27="S6 Bring-up",AG27,AK27)))))))) -> Not Started | G27: =IF(E27="All Stages Closed","",IF(E27="S1 Schematic",IF(N27="","Not added",N27),IF(E27="S2 PCB Layout",IF(R27="","Not added",R27),IF(E27="S3 SI & PI",IF(V27="","Not added",V27),IF(E27="S4 Bare-PCB Fab",IF(Z27="","Not added",Z27),IF(E27="S5 Assembly",IF(AD27="","Not added",AD27),IF(E27="S6 Bring-up",IF(AH27="","Not added",AH27),IF(AL27="","Not added",AL27)))))))) -> Not added | H27: =IF(OR(F27="Completed",F27="Cancelled"),"",IF(NOT(ISNUMBER(G27)),"Date not added",IF(TODAY()>G27,TODAY()-G27,G27-TODAY()&" days left"))) -> Date not added | I27: =COUNTIF(M27,"Completed")+COUNTIF(Q27,"Completed")+COUNTIF(U27,"Completed")+COUNTIF(Y27,"Completed")+COUNTIF(AC27,"Completed")+COUNTIF(AG27,"Completed")+COUNTIF(AK27,"Completed") -> 0 | J27: =7-(COUNTIF(M27,"NA")+COUNTIF(Q27,"NA")+COUNTIF(U27,"NA")+COUNTIF(Y27,"NA")+COUNTIF(AC27,"NA")+COUNTIF(AG27,"NA")+COUNTIF(AK27,"NA")) -> 5 | K27: =IFERROR(I27/J27,"") -> 0 | M27: Not Started | P27: Keerthi | Q27: Not Started | R27: 46276 | U27: Not Started | Y27: Not Started | AC27: Not Started | AG27: NA | AK27: NA | AS27: =IF(OR(F27="Completed",F27="Cancelled"),"",IF(AND(OR(F27="On Hold",ISNUMBER(H27)),AR27=""),"Reason not given","")) | AT27: Schematic in progress
A28: 12 | B28: RCI | C28: ITS Boards Refresh | D28: Srinivas L | E28: =IF(NOT(OR(M28="Completed",M28="NA",M28="Cancelled")),"S1 Schematic",IF(NOT(OR(Q28="Completed",Q28="NA",Q28="Cancelled")),"S2 PCB Layout",IF(NOT(OR(U28="Completed",U28="NA",U28="Cancelled")),"S3 SI & PI",IF(NOT(OR(Y28="Completed",Y28="NA",Y28="Cancelled")),"S4 Bare-PCB Fab",IF(NOT(OR(AC28="Completed",AC28="NA",AC28="Cancelled")),"S5 Assembly",IF(NOT(OR(AG28="Completed",AG28="NA",AG28="Cancelled")),"S6 Bring-up",IF(NOT(OR(AK28="Completed",AK28="NA",AK28="Cancelled")),"S7 BOM Procurement","All Stages Closed"))))))) -> S1 Schematic | F28: =IF(COUNTIF(M28,"Cancelled")+COUNTIF(Q28,"Cancelled")+COUNTIF(U28,"Cancelled")+COUNTIF(Y28,"Cancelled")+COUNTIF(AC28,"Cancelled")+COUNTIF(AG28,"Cancelled")+COUNTIF(AK28,"Cancelled")>0,"Cancelled",IF(E28="All Stages Closed","Completed",IF(E28="S1 Schematic",M28,IF(E28="S2 PCB Layout",Q28,IF(E28="S3 SI & PI",U28,IF(E28="S4 Bare-PCB Fab",Y28,IF(E28="S5 Assembly",AC28,IF(E28="S6 Bring-up",AG28,AK28)))))))) -> Not Started | G28: =IF(E28="All Stages Closed","",IF(E28="S1 Schematic",IF(N28="","Not added",N28),IF(E28="S2 PCB Layout",IF(R28="","Not added",R28),IF(E28="S3 SI & PI",IF(V28="","Not added",V28),IF(E28="S4 Bare-PCB Fab",IF(Z28="","Not added",Z28),IF(E28="S5 Assembly",IF(AD28="","Not added",AD28),IF(E28="S6 Bring-up",IF(AH28="","Not added",AH28),IF(AL28="","Not added",AL28)))))))) -> Not added | H28: =IF(OR(F28="Completed",F28="Cancelled"),"",IF(NOT(ISNUMBER(G28)),"Date not added",IF(TODAY()>G28,TODAY()-G28,G28-TODAY()&" days left"))) -> Date not added | I28: =COUNTIF(M28,"Completed")+COUNTIF(Q28,"Completed")+COUNTIF(U28,"Completed")+COUNTIF(Y28,"Completed")+COUNTIF(AC28,"Completed")+COUNTIF(AG28,"Completed")+COUNTIF(AK28,"Completed") -> 0 | J28: =7-(COUNTIF(M28,"NA")+COUNTIF(Q28,"NA")+COUNTIF(U28,"NA")+COUNTIF(Y28,"NA")+COUNTIF(AC28,"NA")+COUNTIF(AG28,"NA")+COUNTIF(AK28,"NA")) -> 5 | K28: =IFERROR(I28/J28,"") -> 0 | M28: Not Started | Q28: Not Started | U28: Not Started | Y28: Not Started | AC28: Not Started | AG28: NA | AK28: NA | AS28: =IF(OR(F28="Completed",F28="Cancelled"),"",IF(AND(OR(F28="On Hold",ISNUMBER(H28)),AR28=""),"Reason not given","")) | AT28: To be started
A29: 13 | B29: TRS | C29: Handheld RadioCard | D29: V Rajesh | E29: =IF(NOT(OR(M29="Completed",M29="NA",M29="Cancelled")),"S1 Schematic",IF(NOT(OR(Q29="Completed",Q29="NA",Q29="Cancelled")),"S2 PCB Layout",IF(NOT(OR(U29="Completed",U29="NA",U29="Cancelled")),"S3 SI & PI",IF(NOT(OR(Y29="Completed",Y29="NA",Y29="Cancelled")),"S4 Bare-PCB Fab",IF(NOT(OR(AC29="Completed",AC29="NA",AC29="Cancelled")),"S5 Assembly",IF(NOT(OR(AG29="Completed",AG29="NA",AG29="Cancelled")),"S6 Bring-up",IF(NOT(OR(AK29="Completed",AK29="NA",AK29="Cancelled")),"S7 BOM Procurement","All Stages Closed"))))))) -> S5 Assembly | F29: =IF(COUNTIF(M29,"Cancelled")+COUNTIF(Q29,"Cancelled")+COUNTIF(U29,"Cancelled")+COUNTIF(Y29,"Cancelled")+COUNTIF(AC29,"Cancelled")+COUNTIF(AG29,"Cancelled")+COUNTIF(AK29,"Cancelled")>0,"Cancelled",IF(E29="All Stages Closed","Completed",IF(E29="S1 Schematic",M29,IF(E29="S2 PCB Layout",Q29,IF(E29="S3 SI & PI",U29,IF(E29="S4 Bare-PCB Fab",Y29,IF(E29="S5 Assembly",AC29,IF(E29="S6 Bring-up",AG29,AK29)))))))) -> In Progress | G29: =IF(E29="All Stages Closed","",IF(E29="S1 Schematic",IF(N29="","Not added",N29),IF(E29="S2 PCB Layout",IF(R29="","Not added",R29),IF(E29="S3 SI & PI",IF(V29="","Not added",V29),IF(E29="S4 Bare-PCB Fab",IF(Z29="","Not added",Z29),IF(E29="S5 Assembly",IF(AD29="","Not added",AD29),IF(E29="S6 Bring-up",IF(AH29="","Not added",AH29),IF(AL29="","Not added",AL29)))))))) -> Not added | H29: =IF(OR(F29="Completed",F29="Cancelled"),"",IF(NOT(ISNUMBER(G29)),"Date not added",IF(TODAY()>G29,TODAY()-G29,G29-TODAY()&" days left"))) -> Date not added | I29: =COUNTIF(M29,"Completed")+COUNTIF(Q29,"Completed")+COUNTIF(U29,"Completed")+COUNTIF(Y29,"Completed")+COUNTIF(AC29,"Completed")+COUNTIF(AG29,"Completed")+COUNTIF(AK29,"Completed") -> 4 | J29: =7-(COUNTIF(M29,"NA")+COUNTIF(Q29,"NA")+COUNTIF(U29,"NA")+COUNTIF(Y29,"NA")+COUNTIF(AC29,"NA")+COUNTIF(AG29,"NA")+COUNTIF(AK29,"NA")) -> 5 | K29: =IFERROR(I29/J29,"") -> 0.8 | L29: Vardhan | M29: Completed | N29: 46267 | P29: Ramesh | Q29: Completed | R29: 46248 | U29: Completed | X29: JLC | Y29: Completed | AC29: In Progress | AG29: NA | AK29: NA | AS29: =IF(OR(F29="Completed",F29="Cancelled"),"",IF(AND(OR(F29="On Hold",ISNUMBER(H29)),AR29=""),"Reason not given","")) | AT29: PCB Assembly in progress
A30: 14 | B30: TRS | C30: Radio Card 9002 | D30: V Rajesh | E30: =IF(NOT(OR(M30="Completed",M30="NA",M30="Cancelled")),"S1 Schematic",IF(NOT(OR(Q30="Completed",Q30="NA",Q30="Cancelled")),"S2 PCB Layout",IF(NOT(OR(U30="Completed",U30="NA",U30="Cancelled")),"S3 SI & PI",IF(NOT(OR(Y30="Completed",Y30="NA",Y30="Cancelled")),"S4 Bare-PCB Fab",IF(NOT(OR(AC30="Completed",AC30="NA",AC30="Cancelled")),"S5 Assembly",IF(NOT(OR(AG30="Completed",AG30="NA",AG30="Cancelled")),"S6 Bring-up",IF(NOT(OR(AK30="Completed",AK30="NA",AK30="Cancelled")),"S7 BOM Procurement","All Stages Closed"))))))) -> S3 SI & PI | F30: =IF(COUNTIF(M30,"Cancelled")+COUNTIF(Q30,"Cancelled")+COUNTIF(U30,"Cancelled")+COUNTIF(Y30,"Cancelled")+COUNTIF(AC30,"Cancelled")+COUNTIF(AG30,"Cancelled")+COUNTIF(AK30,"Cancelled")>0,"Cancelled",IF(E30="All Stages Closed","Completed",IF(E30="S1 Schematic",M30,IF(E30="S2 PCB Layout",Q30,IF(E30="S3 SI & PI",U30,IF(E30="S4 Bare-PCB Fab",Y30,IF(E30="S5 Assembly",AC30,IF(E30="S6 Bring-up",AG30,AK30)))))))) -> In Progress | G30: =IF(E30="All Stages Closed","",IF(E30="S1 Schematic",IF(N30="","Not added",N30),IF(E30="S2 PCB Layout",IF(R30="","Not added",R30),IF(E30="S3 SI & PI",IF(V30="","Not added",V30),IF(E30="S4 Bare-PCB Fab",IF(Z30="","Not added",Z30),IF(E30="S5 Assembly",IF(AD30="","Not added",AD30),IF(E30="S6 Bring-up",IF(AH30="","Not added",AH30),IF(AL30="","Not added",AL30)))))))) -> Not added | H30: =IF(OR(F30="Completed",F30="Cancelled"),"",IF(NOT(ISNUMBER(G30)),"Date not added",IF(TODAY()>G30,TODAY()-G30,G30-TODAY()&" days left"))) -> Date not added | I30: =COUNTIF(M30,"Completed")+COUNTIF(Q30,"Completed")+COUNTIF(U30,"Completed")+COUNTIF(Y30,"Completed")+COUNTIF(AC30,"Completed")+COUNTIF(AG30,"Completed")+COUNTIF(AK30,"Completed") -> 2 | J30: =7-(COUNTIF(M30,"NA")+COUNTIF(Q30,"NA")+COUNTIF(U30,"NA")+COUNTIF(Y30,"NA")+COUNTIF(AC30,"NA")+COUNTIF(AG30,"NA")+COUNTIF(AK30,"NA")) -> 5 | K30: =IFERROR(I30/J30,"") -> 0.4 | M30: Completed | P30: Ramesh | Q30: Completed | R30: 46251 | U30: In Progress | Y30: Not Started | AC30: Not Started | AG30: NA | AK30: NA | AS30: =IF(OR(F30="Completed",F30="Cancelled"),"",IF(AND(OR(F30="On Hold",ISNUMBER(H30)),AR30=""),"Reason not given","")) | AT30: The design has been completed, the quotation Gerber released, and the simulations are currently in progress.
A31: 15 | B31: TRS | C31: Radio Card Lite Ver3 | D31: Rajesh | E31: =IF(NOT(OR(M31="Completed",M31="NA",M31="Cancelled")),"S1 Schematic",IF(NOT(OR(Q31="Completed",Q31="NA",Q31="Cancelled")),"S2 PCB Layout",IF(NOT(OR(U31="Completed",U31="NA",U31="Cancelled")),"S3 SI & PI",IF(NOT(OR(Y31="Completed",Y31="NA",Y31="Cancelled")),"S4 Bare-PCB Fab",IF(NOT(OR(AC31="Completed",AC31="NA",AC31="Cancelled")),"S5 Assembly",IF(NOT(OR(AG31="Completed",AG31="NA",AG31="Cancelled")),"S6 Bring-up",IF(NOT(OR(AK31="Completed",AK31="NA",AK31="Cancelled")),"S7 BOM Procurement","All Stages Closed"))))))) -> S2 PCB Layout | F31: =IF(COUNTIF(M31,"Cancelled")+COUNTIF(Q31,"Cancelled")+COUNTIF(U31,"Cancelled")+COUNTIF(Y31,"Cancelled")+COUNTIF(AC31,"Cancelled")+COUNTIF(AG31,"Cancelled")+COUNTIF(AK31,"Cancelled")>0,"Cancelled",IF(E31="All Stages Closed","Completed",IF(E31="S1 Schematic",M31,IF(E31="S2 PCB Layout",Q31,IF(E31="S3 SI & PI",U31,IF(E31="S4 Bare-PCB Fab",Y31,IF(E31="S5 Assembly",AC31,IF(E31="S6 Bring-up",AG31,AK31)))))))) -> On Hold | G31: =IF(E31="All Stages Closed","",IF(E31="S1 Schematic",IF(N31="","Not added",N31),IF(E31="S2 PCB Layout",IF(R31="","Not added",R31),IF(E31="S3 SI & PI",IF(V31="","Not added",V31),IF(E31="S4 Bare-PCB Fab",IF(Z31="","Not added",Z31),IF(E31="S5 Assembly",IF(AD31="","Not added",AD31),IF(E31="S6 Bring-up",IF(AH31="","Not added",AH31),IF(AL31="","Not added",AL31)))))))) -> Not added | H31: =IF(OR(F31="Completed",F31="Cancelled"),"",IF(NOT(ISNUMBER(G31)),"Date not added",IF(TODAY()>G31,TODAY()-G31,G31-TODAY()&" days left"))) -> Date not added | I31: =COUNTIF(M31,"Completed")+COUNTIF(Q31,"Completed")+COUNTIF(U31,"Completed")+COUNTIF(Y31,"Completed")+COUNTIF(AC31,"Completed")+COUNTIF(AG31,"Completed")+COUNTIF(AK31,"Completed") -> 1 | J31: =7-(COUNTIF(M31,"NA")+COUNTIF(Q31,"NA")+COUNTIF(U31,"NA")+COUNTIF(Y31,"NA")+COUNTIF(AC31,"NA")+COUNTIF(AG31,"NA")+COUNTIF(AK31,"NA")) -> 5 | K31: =IFERROR(I31/J31,"") -> 0.2 | L31: Vardhan | M31: Completed | N31: 46254 | Q31: On Hold | U31: On Hold | Y31: On Hold | AC31: On Hold | AG31: NA | AK31: NA | AS31: =IF(OR(F31="Completed",F31="Cancelled"),"",IF(AND(OR(F31="On Hold",ISNUMBER(H31)),AR31=""),"Reason not given","")) -> Reason not given | AT31: In Hold
A32: 16 | B32: TRS | C32: Radio Card Ver4 | D32: Rajesh | E32: =IF(NOT(OR(M32="Completed",M32="NA",M32="Cancelled")),"S1 Schematic",IF(NOT(OR(Q32="Completed",Q32="NA",Q32="Cancelled")),"S2 PCB Layout",IF(NOT(OR(U32="Completed",U32="NA",U32="Cancelled")),"S3 SI & PI",IF(NOT(OR(Y32="Completed",Y32="NA",Y32="Cancelled")),"S4 Bare-PCB Fab",IF(NOT(OR(AC32="Completed",AC32="NA",AC32="Cancelled")),"S5 Assembly",IF(NOT(OR(AG32="Completed",AG32="NA",AG32="Cancelled")),"S6 Bring-up",IF(NOT(OR(AK32="Completed",AK32="NA",AK32="Cancelled")),"S7 BOM Procurement","All Stages Closed"))))))) -> S5 Assembly | F32: =IF(COUNTIF(M32,"Cancelled")+COUNTIF(Q32,"Cancelled")+COUNTIF(U32,"Cancelled")+COUNTIF(Y32,"Cancelled")+COUNTIF(AC32,"Cancelled")+COUNTIF(AG32,"Cancelled")+COUNTIF(AK32,"Cancelled")>0,"Cancelled",IF(E32="All Stages Closed","Completed",IF(E32="S1 Schematic",M32,IF(E32="S2 PCB Layout",Q32,IF(E32="S3 SI & PI",U32,IF(E32="S4 Bare-PCB Fab",Y32,IF(E32="S5 Assembly",AC32,IF(E32="S6 Bring-up",AG32,AK32)))))))) -> In Progress | G32: =IF(E32="All Stages Closed","",IF(E32="S1 Schematic",IF(N32="","Not added",N32),IF(E32="S2 PCB Layout",IF(R32="","Not added",R32),IF(E32="S3 SI & PI",IF(V32="","Not added",V32),IF(E32="S4 Bare-PCB Fab",IF(Z32="","Not added",Z32),IF(E32="S5 Assembly",IF(AD32="","Not added",AD32),IF(E32="S6 Bring-up",IF(AH32="","Not added",AH32),IF(AL32="","Not added",AL32)))))))) -> Not added | H32: =IF(OR(F32="Completed",F32="Cancelled"),"",IF(NOT(ISNUMBER(G32)),"Date not added",IF(TODAY()>G32,TODAY()-G32,G32-TODAY()&" days left"))) -> Date not added | I32: =COUNTIF(M32,"Completed")+COUNTIF(Q32,"Completed")+COUNTIF(U32,"Completed")+COUNTIF(Y32,"Completed")+COUNTIF(AC32,"Completed")+COUNTIF(AG32,"Completed")+COUNTIF(AK32,"Completed") -> 4 | J32: =7-(COUNTIF(M32,"NA")+COUNTIF(Q32,"NA")+COUNTIF(U32,"NA")+COUNTIF(Y32,"NA")+COUNTIF(AC32,"NA")+COUNTIF(AG32,"NA")+COUNTIF(AK32,"NA")) -> 5 | K32: =IFERROR(I32/J32,"") -> 0.8 | L32: Vardhan | M32: Completed | N32: 46206 | Q32: Completed | U32: Completed | Y32: Completed | AC32: In Progress | AG32: NA | AK32: NA | AS32: =IF(OR(F32="Completed",F32="Cancelled"),"",IF(AND(OR(F32="On Hold",ISNUMBER(H32)),AR32=""),"Reason not given","")) | AT32: Boards In Assembly
A33: 17 | B33: TRS | C33: RC5243(V2) | D33: Rajesh | E33: =IF(NOT(OR(M33="Completed",M33="NA",M33="Cancelled")),"S1 Schematic",IF(NOT(OR(Q33="Completed",Q33="NA",Q33="Cancelled")),"S2 PCB Layout",IF(NOT(OR(U33="Completed",U33="NA",U33="Cancelled")),"S3 SI & PI",IF(NOT(OR(Y33="Completed",Y33="NA",Y33="Cancelled")),"S4 Bare-PCB Fab",IF(NOT(OR(AC33="Completed",AC33="NA",AC33="Cancelled")),"S5 Assembly",IF(NOT(OR(AG33="Completed",AG33="NA",AG33="Cancelled")),"S6 Bring-up",IF(NOT(OR(AK33="Completed",AK33="NA",AK33="Cancelled")),"S7 BOM Procurement","All Stages Closed"))))))) -> S5 Assembly | F33: =IF(COUNTIF(M33,"Cancelled")+COUNTIF(Q33,"Cancelled")+COUNTIF(U33,"Cancelled")+COUNTIF(Y33,"Cancelled")+COUNTIF(AC33,"Cancelled")+COUNTIF(AG33,"Cancelled")+COUNTIF(AK33,"Cancelled")>0,"Cancelled",IF(E33="All Stages Closed","Completed",IF(E33="S1 Schematic",M33,IF(E33="S2 PCB Layout",Q33,IF(E33="S3 SI & PI",U33,IF(E33="S4 Bare-PCB Fab",Y33,IF(E33="S5 Assembly",AC33,IF(E33="S6 Bring-up",AG33,AK33)))))))) -> In Progress | G33: =IF(E33="All Stages Closed","",IF(E33="S1 Schematic",IF(N33="","Not added",N33),IF(E33="S2 PCB Layout",IF(R33="","Not added",R33),IF(E33="S3 SI & PI",IF(V33="","Not added",V33),IF(E33="S4 Bare-PCB Fab",IF(Z33="","Not added",Z33),IF(E33="S5 Assembly",IF(AD33="","Not added",AD33),IF(E33="S6 Bring-up",IF(AH33="","Not added",AH33),IF(AL33="","Not added",AL33)))))))) -> Not added | H33: =IF(OR(F33="Completed",F33="Cancelled"),"",IF(NOT(ISNUMBER(G33)),"Date not added",IF(TODAY()>G33,TODAY()-G33,G33-TODAY()&" days left"))) -> Date not added | I33: =COUNTIF(M33,"Completed")+COUNTIF(Q33,"Completed")+COUNTIF(U33,"Completed")+COUNTIF(Y33,"Completed")+COUNTIF(AC33,"Completed")+COUNTIF(AG33,"Completed")+COUNTIF(AK33,"Completed") -> 4 | J33: =7-(COUNTIF(M33,"NA")+COUNTIF(Q33,"NA")+COUNTIF(U33,"NA")+COUNTIF(Y33,"NA")+COUNTIF(AC33,"NA")+COUNTIF(AG33,"NA")+COUNTIF(AK33,"NA")) -> 5 | K33: =IFERROR(I33/J33,"") -> 0.8 | L33: Vardhan | M33: Completed | Q33: Completed | U33: Completed | Y33: Completed | AC33: In Progress | AG33: NA | AK33: NA | AS33: =IF(OR(F33="Completed",F33="Cancelled"),"",IF(AND(OR(F33="On Hold",ISNUMBER(H33)),AR33=""),"Reason not given","")) | AT33: Waiting for BOM
A34: 18 | B34: TRS | C34: SAT-COM Radio Board | D34: V Rajesh | E34: =IF(NOT(OR(M34="Completed",M34="NA",M34="Cancelled")),"S1 Schematic",IF(NOT(OR(Q34="Completed",Q34="NA",Q34="Cancelled")),"S2 PCB Layout",IF(NOT(OR(U34="Completed",U34="NA",U34="Cancelled")),"S3 SI & PI",IF(NOT(OR(Y34="Completed",Y34="NA",Y34="Cancelled")),"S4 Bare-PCB Fab",IF(NOT(OR(AC34="Completed",AC34="NA",AC34="Cancelled")),"S5 Assembly",IF(NOT(OR(AG34="Completed",AG34="NA",AG34="Cancelled")),"S6 Bring-up",IF(NOT(OR(AK34="Completed",AK34="NA",AK34="Cancelled")),"S7 BOM Procurement","All Stages Closed"))))))) -> S2 PCB Layout | F34: =IF(COUNTIF(M34,"Cancelled")+COUNTIF(Q34,"Cancelled")+COUNTIF(U34,"Cancelled")+COUNTIF(Y34,"Cancelled")+COUNTIF(AC34,"Cancelled")+COUNTIF(AG34,"Cancelled")+COUNTIF(AK34,"Cancelled")>0,"Cancelled",IF(E34="All Stages Closed","Completed",IF(E34="S1 Schematic",M34,IF(E34="S2 PCB Layout",Q34,IF(E34="S3 SI & PI",U34,IF(E34="S4 Bare-PCB Fab",Y34,IF(E34="S5 Assembly",AC34,IF(E34="S6 Bring-up",AG34,AK34)))))))) -> In Progress | G34: =IF(E34="All Stages Closed","",IF(E34="S1 Schematic",IF(N34="","Not added",N34),IF(E34="S2 PCB Layout",IF(R34="","Not added",R34),IF(E34="S3 SI & PI",IF(V34="","Not added",V34),IF(E34="S4 Bare-PCB Fab",IF(Z34="","Not added",Z34),IF(E34="S5 Assembly",IF(AD34="","Not added",AD34),IF(E34="S6 Bring-up",IF(AH34="","Not added",AH34),IF(AL34="","Not added",AL34)))))))) -> 46266 | H34: =IF(OR(F34="Completed",F34="Cancelled"),"",IF(NOT(ISNUMBER(G34)),"Date not added",IF(TODAY()>G34,TODAY()-G34,G34-TODAY()&" days left"))) -> 2 | I34: =COUNTIF(M34,"Completed")+COUNTIF(Q34,"Completed")+COUNTIF(U34,"Completed")+COUNTIF(Y34,"Completed")+COUNTIF(AC34,"Completed")+COUNTIF(AG34,"Completed")+COUNTIF(AK34,"Completed") -> 1 | J34: =7-(COUNTIF(M34,"NA")+COUNTIF(Q34,"NA")+COUNTIF(U34,"NA")+COUNTIF(Y34,"NA")+COUNTIF(AC34,"NA")+COUNTIF(AG34,"NA")+COUNTIF(AK34,"NA")) -> 5 | K34: =IFERROR(I34/J34,"") -> 0.2 | M34: Completed | P34: Keerthi | Q34: In Progress | R34: 46266 | U34: Not Started | Y34: Not Started | AC34: Not Started | AG34: NA | AK34: NA | AS34: =IF(OR(F34="Completed",F34="Cancelled"),"",IF(AND(OR(F34="On Hold",ISNUMBER(H34)),AR34=""),"Reason not given","")) -> Reason not given | AT34: Routing strategy was revised, SI-based RF path updates were incorporated, and 0201-to-0402 changes were implemented as per assembly requirements, causing a 1-day delay.
A35: 19 | B35: TRS | C35: SAT-COM_FPGA_Board | D35: Rajesh | E35: =IF(NOT(OR(M35="Completed",M35="NA",M35="Cancelled")),"S1 Schematic",IF(NOT(OR(Q35="Completed",Q35="NA",Q35="Cancelled")),"S2 PCB Layout",IF(NOT(OR(U35="Completed",U35="NA",U35="Cancelled")),"S3 SI & PI",IF(NOT(OR(Y35="Completed",Y35="NA",Y35="Cancelled")),"S4 Bare-PCB Fab",IF(NOT(OR(AC35="Completed",AC35="NA",AC35="Cancelled")),"S5 Assembly",IF(NOT(OR(AG35="Completed",AG35="NA",AG35="Cancelled")),"S6 Bring-up",IF(NOT(OR(AK35="Completed",AK35="NA",AK35="Cancelled")),"S7 BOM Procurement","All Stages Closed"))))))) -> S2 PCB Layout | F35: =IF(COUNTIF(M35,"Cancelled")+COUNTIF(Q35,"Cancelled")+COUNTIF(U35,"Cancelled")+COUNTIF(Y35,"Cancelled")+COUNTIF(AC35,"Cancelled")+COUNTIF(AG35,"Cancelled")+COUNTIF(AK35,"Cancelled")>0,"Cancelled",IF(E35="All Stages Closed","Completed",IF(E35="S1 Schematic",M35,IF(E35="S2 PCB Layout",Q35,IF(E35="S3 SI & PI",U35,IF(E35="S4 Bare-PCB Fab",Y35,IF(E35="S5 Assembly",AC35,IF(E35="S6 Bring-up",AG35,AK35)))))))) -> In Progress | G35: =IF(E35="All Stages Closed","",IF(E35="S1 Schematic",IF(N35="","Not added",N35),IF(E35="S2 PCB Layout",IF(R35="","Not added",R35),IF(E35="S3 SI & PI",IF(V35="","Not added",V35),IF(E35="S4 Bare-PCB Fab",IF(Z35="","Not added",Z35),IF(E35="S5 Assembly",IF(AD35="","Not added",AD35),IF(E35="S6 Bring-up",IF(AH35="","Not added",AH35),IF(AL35="","Not added",AL35)))))))) -> 46269 | H35: =IF(OR(F35="Completed",F35="Cancelled"),"",IF(NOT(ISNUMBER(G35)),"Date not added",IF(TODAY()>G35,TODAY()-G35,G35-TODAY()&" days left"))) -> 1 days left | I35: =COUNTIF(M35,"Completed")+COUNTIF(Q35,"Completed")+COUNTIF(U35,"Completed")+COUNTIF(Y35,"Completed")+COUNTIF(AC35,"Completed")+COUNTIF(AG35,"Completed")+COUNTIF(AK35,"Completed") -> 1 | J35: =7-(COUNTIF(M35,"NA")+COUNTIF(Q35,"NA")+COUNTIF(U35,"NA")+COUNTIF(Y35,"NA")+COUNTIF(AC35,"NA")+COUNTIF(AG35,"NA")+COUNTIF(AK35,"NA")) -> 5 | K35: =IFERROR(I35/J35,"") -> 0.2 | M35: Completed | P35: Naveen | Q35: In Progress | R35: 46269 | T35: Vivek | U35: In Progress | Y35: Not Started | AC35: Not Started | AG35: NA | AK35: NA | AS35: =IF(OR(F35="Completed",F35="Cancelled"),"",IF(AND(OR(F35="On Hold",ISNUMBER(H35)),AR35=""),"Reason not given","")) | AT35: Completed the DDR3L S-Parameter extractions. Completed the DC-Drop Analysis and shared the reivew with the layout team waiting for the updated file for simulations. | AU35: SI&PI row "SAT_COM_FPGA" merged
A36: 20 | B36: TRS | C36: Si4464 Proximity Sensor Board | D36: V Rajesh | E36: =IF(NOT(OR(M36="Completed",M36="NA",M36="Cancelled")),"S1 Schematic",IF(NOT(OR(Q36="Completed",Q36="NA",Q36="Cancelled")),"S2 PCB Layout",IF(NOT(OR(U36="Completed",U36="NA",U36="Cancelled")),"S3 SI & PI",IF(NOT(OR(Y36="Completed",Y36="NA",Y36="Cancelled")),"S4 Bare-PCB Fab",IF(NOT(OR(AC36="Completed",AC36="NA",AC36="Cancelled")),"S5 Assembly",IF(NOT(OR(AG36="Completed",AG36="NA",AG36="Cancelled")),"S6 Bring-up",IF(NOT(OR(AK36="Completed",AK36="NA",AK36="Cancelled")),"S7 BOM Procurement","All Stages Closed"))))))) -> S2 PCB Layout | F36: =IF(COUNTIF(M36,"Cancelled")+COUNTIF(Q36,"Cancelled")+COUNTIF(U36,"Cancelled")+COUNTIF(Y36,"Cancelled")+COUNTIF(AC36,"Cancelled")+COUNTIF(AG36,"Cancelled")+COUNTIF(AK36,"Cancelled")>0,"Cancelled",IF(E36="All Stages Closed","Completed",IF(E36="S1 Schematic",M36,IF(E36="S2 PCB Layout",Q36,IF(E36="S3 SI & PI",U36,IF(E36="S4 Bare-PCB Fab",Y36,IF(E36="S5 Assembly",AC36,IF(E36="S6 Bring-up",AG36,AK36)))))))) -> In Progress | G36: =IF(E36="All Stages Closed","",IF(E36="S1 Schematic",IF(N36="","Not added",N36),IF(E36="S2 PCB Layout",IF(R36="","Not added",R36),IF(E36="S3 SI & PI",IF(V36="","Not added",V36),IF(E36="S4 Bare-PCB Fab",IF(Z36="","Not added",Z36),IF(E36="S5 Assembly",IF(AD36="","Not added",AD36),IF(E36="S6 Bring-up",IF(AH36="","Not added",AH36),IF(AL36="","Not added",AL36)))))))) -> 46267 | H36: =IF(OR(F36="Completed",F36="Cancelled"),"",IF(NOT(ISNUMBER(G36)),"Date not added",IF(TODAY()>G36,TODAY()-G36,G36-TODAY()&" days left"))) -> 1 | I36: =COUNTIF(M36,"Completed")+COUNTIF(Q36,"Completed")+COUNTIF(U36,"Completed")+COUNTIF(Y36,"Completed")+COUNTIF(AC36,"Completed")+COUNTIF(AG36,"Completed")+COUNTIF(AK36,"Completed") -> 1 | J36: =7-(COUNTIF(M36,"NA")+COUNTIF(Q36,"NA")+COUNTIF(U36,"NA")+COUNTIF(Y36,"NA")+COUNTIF(AC36,"NA")+COUNTIF(AG36,"NA")+COUNTIF(AK36,"NA")) -> 5 | K36: =IFERROR(I36/J36,"") -> 0.2 | L36: Vardhan | M36: Completed | N36: 46224 | P36: Ramesh | Q36: In Progress | R36: 46267 | U36: In Progress | Y36: Not Started | AC36: Not Started | AG36: NA | AK36: NA | AS36: =IF(OR(F36="Completed",F36="Cancelled"),"",IF(AND(OR(F36="On Hold",ISNUMBER(H36)),AR36=""),"Reason not given","")) -> Reason not given | AT36: Design completed. | AU36: Schematic "PROXIMITY SI4464" merged
A37: 21 | B37: Voila Tech | C37: HAWK Board | D37: Rajesh | E37: =IF(NOT(OR(M37="Completed",M37="NA",M37="Cancelled")),"S1 Schematic",IF(NOT(OR(Q37="Completed",Q37="NA",Q37="Cancelled")),"S2 PCB Layout",IF(NOT(OR(U37="Completed",U37="NA",U37="Cancelled")),"S3 SI & PI",IF(NOT(OR(Y37="Completed",Y37="NA",Y37="Cancelled")),"S4 Bare-PCB Fab",IF(NOT(OR(AC37="Completed",AC37="NA",AC37="Cancelled")),"S5 Assembly",IF(NOT(OR(AG37="Completed",AG37="NA",AG37="Cancelled")),"S6 Bring-up",IF(NOT(OR(AK37="Completed",AK37="NA",AK37="Cancelled")),"S7 BOM Procurement","All Stages Closed"))))))) -> S6 Bring-up | F37: =IF(COUNTIF(M37,"Cancelled")+COUNTIF(Q37,"Cancelled")+COUNTIF(U37,"Cancelled")+COUNTIF(Y37,"Cancelled")+COUNTIF(AC37,"Cancelled")+COUNTIF(AG37,"Cancelled")+COUNTIF(AK37,"Cancelled")>0,"Cancelled",IF(E37="All Stages Closed","Completed",IF(E37="S1 Schematic",M37,IF(E37="S2 PCB Layout",Q37,IF(E37="S3 SI & PI",U37,IF(E37="S4 Bare-PCB Fab",Y37,IF(E37="S5 Assembly",AC37,IF(E37="S6 Bring-up",AG37,AK37)))))))) -> In Progress | G37: =IF(E37="All Stages Closed","",IF(E37="S1 Schematic",IF(N37="","Not added",N37),IF(E37="S2 PCB Layout",IF(R37="","Not added",R37),IF(E37="S3 SI & PI",IF(V37="","Not added",V37),IF(E37="S4 Bare-PCB Fab",IF(Z37="","Not added",Z37),IF(E37="S5 Assembly",IF(AD37="","Not added",AD37),IF(E37="S6 Bring-up",IF(AH37="","Not added",AH37),IF(AL37="","Not added",AL37)))))))) -> Not added | H37: =IF(OR(F37="Completed",F37="Cancelled"),"",IF(NOT(ISNUMBER(G37)),"Date not added",IF(TODAY()>G37,TODAY()-G37,G37-TODAY()&" days left"))) -> Date not added | I37: =COUNTIF(M37,"Completed")+COUNTIF(Q37,"Completed")+COUNTIF(U37,"Completed")+COUNTIF(Y37,"Completed")+COUNTIF(AC37,"Completed")+COUNTIF(AG37,"Completed")+COUNTIF(AK37,"Completed") -> 5 | J37: =7-(COUNTIF(M37,"NA")+COUNTIF(Q37,"NA")+COUNTIF(U37,"NA")+COUNTIF(Y37,"NA")+COUNTIF(AC37,"NA")+COUNTIF(AG37,"NA")+COUNTIF(AK37,"NA")) -> 6 | K37: =IFERROR(I37/J37,"") -> 0.83333333 | L37: Vardhan + Sandhya | M37: Completed | N37: 46254 | P37: Keerthi | Q37: Completed | R37: 46216 | T37: Vivek | U37: Completed | V37: 46217 | X37: JLC | Y37: Completed | Z37: 46253 | AC37: Completed | AG37: In Progress | AK37: NA | AS37: =IF(OR(F37="Completed",F37="Cancelled"),"",IF(AND(OR(F37="On Hold",ISNUMBER(H37)),AR37=""),"Reason not given","")) | AT37: Completed the SI simualtions for the SDRAM
A38: 22 | B38: Voila Tech | C38: Myna Rev 2 | D38: V Rajesh | E38: =IF(NOT(OR(M38="Completed",M38="NA",M38="Cancelled")),"S1 Schematic",IF(NOT(OR(Q38="Completed",Q38="NA",Q38="Cancelled")),"S2 PCB Layout",IF(NOT(OR(U38="Completed",U38="NA",U38="Cancelled")),"S3 SI & PI",IF(NOT(OR(Y38="Completed",Y38="NA",Y38="Cancelled")),"S4 Bare-PCB Fab",IF(NOT(OR(AC38="Completed",AC38="NA",AC38="Cancelled")),"S5 Assembly",IF(NOT(OR(AG38="Completed",AG38="NA",AG38="Cancelled")),"S6 Bring-up",IF(NOT(OR(AK38="Completed",AK38="NA",AK38="Cancelled")),"S7 BOM Procurement","All Stages Closed"))))))) -> S4 Bare-PCB Fab | F38: =IF(COUNTIF(M38,"Cancelled")+COUNTIF(Q38,"Cancelled")+COUNTIF(U38,"Cancelled")+COUNTIF(Y38,"Cancelled")+COUNTIF(AC38,"Cancelled")+COUNTIF(AG38,"Cancelled")+COUNTIF(AK38,"Cancelled")>0,"Cancelled",IF(E38="All Stages Closed","Completed",IF(E38="S1 Schematic",M38,IF(E38="S2 PCB Layout",Q38,IF(E38="S3 SI & PI",U38,IF(E38="S4 Bare-PCB Fab",Y38,IF(E38="S5 Assembly",AC38,IF(E38="S6 Bring-up",AG38,AK38)))))))) -> On Hold | G38: =IF(E38="All Stages Closed","",IF(E38="S1 Schematic",IF(N38="","Not added",N38),IF(E38="S2 PCB Layout",IF(R38="","Not added",R38),IF(E38="S3 SI & PI",IF(V38="","Not added",V38),IF(E38="S4 Bare-PCB Fab",IF(Z38="","Not added",Z38),IF(E38="S5 Assembly",IF(AD38="","Not added",AD38),IF(E38="S6 Bring-up",IF(AH38="","Not added",AH38),IF(AL38="","Not added",AL38)))))))) -> Not added | H38: =IF(OR(F38="Completed",F38="Cancelled"),"",IF(NOT(ISNUMBER(G38)),"Date not added",IF(TODAY()>G38,TODAY()-G38,G38-TODAY()&" days left"))) -> Date not added | I38: =COUNTIF(M38,"Completed")+COUNTIF(Q38,"Completed")+COUNTIF(U38,"Completed")+COUNTIF(Y38,"Completed")+COUNTIF(AC38,"Completed")+COUNTIF(AG38,"Completed")+COUNTIF(AK38,"Completed") -> 2 | J38: =7-(COUNTIF(M38,"NA")+COUNTIF(Q38,"NA")+COUNTIF(U38,"NA")+COUNTIF(Y38,"NA")+COUNTIF(AC38,"NA")+COUNTIF(AG38,"NA")+COUNTIF(AK38,"NA")) -> 4 | K38: =IFERROR(I38/J38,"") -> 0.5 | M38: Completed | P38: Naveen | Q38: Completed | U38: NA | Y38: On Hold | AC38: On Hold | AG38: NA | AK38: NA | AS38: =IF(OR(F38="Completed",F38="Cancelled"),"",IF(AND(OR(F38="On Hold",ISNUMBER(H38)),AR38=""),"Reason not given","")) -> Reason not given | AT38: The design is complete. The STEP and schematic PDF files have been shared with the client. We are now waiting for their feedback
A39: 23 | B39: ZMD | C39: Intel Arrow Island Board | D39: Kiran | E39: =IF(NOT(OR(M39="Completed",M39="NA",M39="Cancelled")),"S1 Schematic",IF(NOT(OR(Q39="Completed",Q39="NA",Q39="Cancelled")),"S2 PCB Layout",IF(NOT(OR(U39="Completed",U39="NA",U39="Cancelled")),"S3 SI & PI",IF(NOT(OR(Y39="Completed",Y39="NA",Y39="Cancelled")),"S4 Bare-PCB Fab",IF(NOT(OR(AC39="Completed",AC39="NA",AC39="Cancelled")),"S5 Assembly",IF(NOT(OR(AG39="Completed",AG39="NA",AG39="Cancelled")),"S6 Bring-up",IF(NOT(OR(AK39="Completed",AK39="NA",AK39="Cancelled")),"S7 BOM Procurement","All Stages Closed"))))))) -> S7 BOM Procurement | F39: =IF(COUNTIF(M39,"Cancelled")+COUNTIF(Q39,"Cancelled")+COUNTIF(U39,"Cancelled")+COUNTIF(Y39,"Cancelled")+COUNTIF(AC39,"Cancelled")+COUNTIF(AG39,"Cancelled")+COUNTIF(AK39,"Cancelled")>0,"Cancelled",IF(E39="All Stages Closed","Completed",IF(E39="S1 Schematic",M39,IF(E39="S2 PCB Layout",Q39,IF(E39="S3 SI & PI",U39,IF(E39="S4 Bare-PCB Fab",Y39,IF(E39="S5 Assembly",AC39,IF(E39="S6 Bring-up",AG39,AK39)))))))) -> In Progress | G39: =IF(E39="All Stages Closed","",IF(E39="S1 Schematic",IF(N39="","Not added",N39),IF(E39="S2 PCB Layout",IF(R39="","Not added",R39),IF(E39="S3 SI & PI",IF(V39="","Not added",V39),IF(E39="S4 Bare-PCB Fab",IF(Z39="","Not added",Z39),IF(E39="S5 Assembly",IF(AD39="","Not added",AD39),IF(E39="S6 Bring-up",IF(AH39="","Not added",AH39),IF(AL39="","Not added",AL39)))))))) -> Not added | H39: =IF(OR(F39="Completed",F39="Cancelled"),"",IF(NOT(ISNUMBER(G39)),"Date not added",IF(TODAY()>G39,TODAY()-G39,G39-TODAY()&" days left"))) -> Date not added | I39: =COUNTIF(M39,"Completed")+COUNTIF(Q39,"Completed")+COUNTIF(U39,"Completed")+COUNTIF(Y39,"Completed")+COUNTIF(AC39,"Completed")+COUNTIF(AG39,"Completed")+COUNTIF(AK39,"Completed") -> 0 | J39: =7-(COUNTIF(M39,"NA")+COUNTIF(Q39,"NA")+COUNTIF(U39,"NA")+COUNTIF(Y39,"NA")+COUNTIF(AC39,"NA")+COUNTIF(AG39,"NA")+COUNTIF(AK39,"NA")) -> 1 | K39: =IFERROR(I39/J39,"") -> 0 | L39: Samudra + Sandhya | M39: NA | N39: 46242 | P39: Sunil | Q39: NA | U39: NA | Y39: NA | AC39: NA | AG39: NA | AK39: In Progress | AS39: =IF(OR(F39="Completed",F39="Cancelled"),"",IF(AND(OR(F39="On Hold",ISNUMBER(H39)),AR39=""),"Reason not given","")) | AT39: To be started | AU39: Blank on upload, set to NA: S6 Assembly. Confirm NA vs Not Started. | Schematic row is BOM sourcing for this board
A40: 24 | B40: ZMD | C40: Intel XEON Server Board | D40: Kiran | E40: =IF(NOT(OR(M40="Completed",M40="NA",M40="Cancelled")),"S1 Schematic",IF(NOT(OR(Q40="Completed",Q40="NA",Q40="Cancelled")),"S2 PCB Layout",IF(NOT(OR(U40="Completed",U40="NA",U40="Cancelled")),"S3 SI & PI",IF(NOT(OR(Y40="Completed",Y40="NA",Y40="Cancelled")),"S4 Bare-PCB Fab",IF(NOT(OR(AC40="Completed",AC40="NA",AC40="Cancelled")),"S5 Assembly",IF(NOT(OR(AG40="Completed",AG40="NA",AG40="Cancelled")),"S6 Bring-up",IF(NOT(OR(AK40="Completed",AK40="NA",AK40="Cancelled")),"S7 BOM Procurement","All Stages Closed"))))))) -> S2 PCB Layout | F40: =IF(COUNTIF(M40,"Cancelled")+COUNTIF(Q40,"Cancelled")+COUNTIF(U40,"Cancelled")+COUNTIF(Y40,"Cancelled")+COUNTIF(AC40,"Cancelled")+COUNTIF(AG40,"Cancelled")+COUNTIF(AK40,"Cancelled")>0,"Cancelled",IF(E40="All Stages Closed","Completed",IF(E40="S1 Schematic",M40,IF(E40="S2 PCB Layout",Q40,IF(E40="S3 SI & PI",U40,IF(E40="S4 Bare-PCB Fab",Y40,IF(E40="S5 Assembly",AC40,IF(E40="S6 Bring-up",AG40,AK40)))))))) -> Not Started | G40: =IF(E40="All Stages Closed","",IF(E40="S1 Schematic",IF(N40="","Not added",N40),IF(E40="S2 PCB Layout",IF(R40="","Not added",R40),IF(E40="S3 SI & PI",IF(V40="","Not added",V40),IF(E40="S4 Bare-PCB Fab",IF(Z40="","Not added",Z40),IF(E40="S5 Assembly",IF(AD40="","Not added",AD40),IF(E40="S6 Bring-up",IF(AH40="","Not added",AH40),IF(AL40="","Not added",AL40)))))))) -> Not added | H40: =IF(OR(F40="Completed",F40="Cancelled"),"",IF(NOT(ISNUMBER(G40)),"Date not added",IF(TODAY()>G40,TODAY()-G40,G40-TODAY()&" days left"))) -> Date not added | I40: =COUNTIF(M40,"Completed")+COUNTIF(Q40,"Completed")+COUNTIF(U40,"Completed")+COUNTIF(Y40,"Completed")+COUNTIF(AC40,"Completed")+COUNTIF(AG40,"Completed")+COUNTIF(AK40,"Completed") -> 1 | J40: =7-(COUNTIF(M40,"NA")+COUNTIF(Q40,"NA")+COUNTIF(U40,"NA")+COUNTIF(Y40,"NA")+COUNTIF(AC40,"NA")+COUNTIF(AG40,"NA")+COUNTIF(AK40,"NA")) -> 5 | K40: =IFERROR(I40/J40,"") -> 0.2 | L40: Vardhan + Rajesh Sir | M40: Completed | N40: 46254 | P40: Srinivas | Q40: Not Started | U40: Not Started | Y40: Not Started | AC40: Not Started | AG40: NA | AK40: NA | AS40: =IF(OR(F40="Completed",F40="Cancelled"),"",IF(AND(OR(F40="On Hold",ISNUMBER(H40)),AR40=""),"Reason not given","")) | AT40: To be started | AU40: Schematic row is BOM sourcing for this board
A41: 25 | B41: ZMD | C41: NXP_SOM | D41: Rajesh | E41: =IF(NOT(OR(M41="Completed",M41="NA",M41="Cancelled")),"S1 Schematic",IF(NOT(OR(Q41="Completed",Q41="NA",Q41="Cancelled")),"S2 PCB Layout",IF(NOT(OR(U41="Completed",U41="NA",U41="Cancelled")),"S3 SI & PI",IF(NOT(OR(Y41="Completed",Y41="NA",Y41="Cancelled")),"S4 Bare-PCB Fab",IF(NOT(OR(AC41="Completed",AC41="NA",AC41="Cancelled")),"S5 Assembly",IF(NOT(OR(AG41="Completed",AG41="NA",AG41="Cancelled")),"S6 Bring-up",IF(NOT(OR(AK41="Completed",AK41="NA",AK41="Cancelled")),"S7 BOM Procurement","All Stages Closed"))))))) -> S3 SI & PI | F41: =IF(COUNTIF(M41,"Cancelled")+COUNTIF(Q41,"Cancelled")+COUNTIF(U41,"Cancelled")+COUNTIF(Y41,"Cancelled")+COUNTIF(AC41,"Cancelled")+COUNTIF(AG41,"Cancelled")+COUNTIF(AK41,"Cancelled")>0,"Cancelled",IF(E41="All Stages Closed","Completed",IF(E41="S1 Schematic",M41,IF(E41="S2 PCB Layout",Q41,IF(E41="S3 SI & PI",U41,IF(E41="S4 Bare-PCB Fab",Y41,IF(E41="S5 Assembly",AC41,IF(E41="S6 Bring-up",AG41,AK41)))))))) -> In Progress | G41: =IF(E41="All Stages Closed","",IF(E41="S1 Schematic",IF(N41="","Not added",N41),IF(E41="S2 PCB Layout",IF(R41="","Not added",R41),IF(E41="S3 SI & PI",IF(V41="","Not added",V41),IF(E41="S4 Bare-PCB Fab",IF(Z41="","Not added",Z41),IF(E41="S5 Assembly",IF(AD41="","Not added",AD41),IF(E41="S6 Bring-up",IF(AH41="","Not added",AH41),IF(AL41="","Not added",AL41)))))))) -> 46235 | H41: =IF(OR(F41="Completed",F41="Cancelled"),"",IF(NOT(ISNUMBER(G41)),"Date not added",IF(TODAY()>G41,TODAY()-G41,G41-TODAY()&" days left"))) -> 33 | I41: =COUNTIF(M41,"Completed")+COUNTIF(Q41,"Completed")+COUNTIF(U41,"Completed")+COUNTIF(Y41,"Completed")+COUNTIF(AC41,"Completed")+COUNTIF(AG41,"Completed")+COUNTIF(AK41,"Completed") -> 1 | J41: =7-(COUNTIF(M41,"NA")+COUNTIF(Q41,"NA")+COUNTIF(U41,"NA")+COUNTIF(Y41,"NA")+COUNTIF(AC41,"NA")+COUNTIF(AG41,"NA")+COUNTIF(AK41,"NA")) -> 4 | K41: =IFERROR(I41/J41,"") -> 0.25 | M41: Completed | Q41: NA | T41: Vivek | U41: In Progress | V41: 46235 | Y41: Not Started | AC41: Not Started | AG41: NA | AK41: NA | AS41: =IF(OR(F41="Completed",F41="Cancelled"),"",IF(AND(OR(F41="On Hold",ISNUMBER(H41)),AR41=""),"Reason not given","")) -> Reason not given | AT41: Completed the DC Drop Analysis and LPDDR Inteface s-parameter extraction read and write operations. Waiting for the update layout for the further simulations | AU41: Blank on upload, set to NA: S3 PCB. Confirm NA vs Not Started.
